"n","method","V1","V2","V3","V4","V5","V6","V7","V8","V9","V10","V11","V12","V13","V14","V15","V16","V17","V18","V19","V20","V21","V22","V23","V24","V25","V26","V27","V28","V29","V30"
10,"MC",0.85349672022243,0.865245763429978,0.843781467762346,0.887039936456361,0.81745641748832,0.900287693274883,0.836908314187079,0.849346866829747,0.792661547314924,0.83654551019937,0.856852438452883,0.895354433267704,0.814262503468173,0.894430999826362,0.844147848243239,0.864356508158936,0.808069897027082,0.917649474725852,0.874396218881449,0.892682963010724,0.80973219853675,0.902778264563314,0.853559566327129,0.908548266927183,0.87923181981956,0.836515434531213,0.862322295685573,0.855782634822737,0.855963769259164,0.837693210396914
20,"MC",0.816813266059241,0.816625200659286,0.893185243931828,0.867665726851044,0.84579834587272,0.838178967195957,0.857947703028323,0.861895062076207,0.864889332942231,0.846071406255022,0.844146623041059,0.856122088354104,0.820413502794142,0.850596666266888,0.84300334990008,0.849486307127885,0.845665741854204,0.835347394777991,0.854523659234476,0.871995957426966,0.845167832596849,0.864677903859085,0.834152704656172,0.827264662077277,0.870106165557128,0.85729152478936,0.893711145612579,0.867155024244569,0.854681968203077,0.850322781119378
30,"MC",0.834394409507336,0.861489989058327,0.851139953504254,0.867540781135656,0.82540910044602,0.856456674116165,0.85078892075834,0.837966961569982,0.865011257994996,0.835490112711972,0.847294732106753,0.84811792449743,0.873348122062413,0.844818391287699,0.840598258467309,0.873910480710903,0.850525330801206,0.851122422535988,0.855658168360778,0.831096261607163,0.83945273464595,0.877690922754824,0.8341310201247,0.847142359862524,0.869848587489682,0.850918816044086,0.829001558475744,0.847104168742409,0.863166428862372,0.860760208962186
40,"MC",0.852790915742881,0.840058666016617,0.836921038166757,0.859295489172873,0.843761486731042,0.822709203660405,0.819047940637096,0.821902848691578,0.835774390761631,0.865350775827473,0.872313669350636,0.867411001423921,0.876556908268988,0.857202388262173,0.843892443337903,0.858262857172979,0.844376886266226,0.829812100840075,0.856855117213532,0.872275543053357,0.834175158229148,0.840310053159887,0.869910384631832,0.849277743561872,0.842940234437933,0.837835096922903,0.851267857053193,0.857132783209149,0.84848627693232,0.860963362442452
50,"MC",0.844771850033264,0.862744087710195,0.847058495451201,0.83539572790345,0.854044078164351,0.830062505643681,0.857991962113876,0.838764520143536,0.858055743289429,0.876752748513689,0.850731228364049,0.852188204688656,0.837262694635161,0.861217043558524,0.850695363210118,0.83829064539686,0.830738795694462,0.849230483538174,0.881194567982324,0.855786208500817,0.859382141514161,0.813967026096675,0.848225605239885,0.841492161809733,0.83644723232428,0.870531159780005,0.8473246038736,0.847722704874844,0.835089856385313,0.849614298326434
60,"MC",0.834350925856755,0.855765111096381,0.841448526839477,0.83645483725207,0.85558855939793,0.84640417085057,0.846490084097591,0.857694464093264,0.84780132496101,0.837755533728851,0.854649908621021,0.878159660406442,0.830510649977991,0.840612440415502,0.840737887670193,0.872307182421688,0.846746840362503,0.840814820403222,0.827287064964702,0.870467106616865,0.837781568173501,0.841722888359904,0.828964501018541,0.852957201338457,0.850595561414773,0.854788048943216,0.843937713654036,0.843719789130727,0.860217891819305,0.841591107526199
70,"MC",0.839524092178572,0.859826828615453,0.833491329547499,0.844051348952629,0.858872601042385,0.853020850650532,0.857966349764139,0.845902512025921,0.855850085330793,0.840407432188331,0.856656573730425,0.857712175217498,0.840108319100989,0.850735871725597,0.868495667678364,0.833058599035704,0.85426704520408,0.865969256009402,0.827863868788072,0.842005725220844,0.856088966914828,0.849934354683657,0.830530404569801,0.874934456924655,0.852076230714852,0.861629982449141,0.851598805809944,0.839512251337227,0.847473332262604,0.863449560929107
80,"MC",0.843270529991363,0.852853315532996,0.857641129558895,0.852442896330437,0.863227253132739,0.845374083969115,0.843727630904338,0.849189489796971,0.873600135147403,0.845451802343859,0.846037780451859,0.858328459066054,0.852783838518795,0.858100046998476,0.859817000165235,0.853399246353681,0.860439028706488,0.86151903454553,0.852066828476832,0.852641524929634,0.828217939652738,0.84074581050506,0.847159498566291,0.842848325871932,0.87071885505685,0.859514748068205,0.853350995093208,0.845178447803611,0.847733692894761,0.841943252776704
90,"MC",0.848899733202946,0.84873967525214,0.849906681162329,0.861259641219094,0.845828264700322,0.841427221658885,0.874256590481505,0.850689597173167,0.857136232126192,0.851107151035347,0.849618824706855,0.854282923700023,0.849110835727412,0.835830643854452,0.851441565168948,0.845412662191172,0.849557239899852,0.861758084348946,0.849710326240995,0.847519344305386,0.842105421622732,0.860780537315833,0.845659851855699,0.864850856882038,0.849570335675147,0.843023676394858,0.851616706228438,0.839454041117237,0.831631209685594,0.850307053254521
100,"MC",0.861238390613348,0.848533096300341,0.849421366602837,0.843351513115399,0.877246977483338,0.865420841248362,0.83396420471443,0.854510193149937,0.851666268812837,0.854343528031787,0.852258995026934,0.840050574993155,0.844248790256036,0.842707095980007,0.856153254829621,0.832984661487249,0.840229307607918,0.857661438771807,0.842563633989432,0.846534623078393,0.848753893066051,0.846119845321888,0.863205698508049,0.850960850420367,0.855868298883196,0.848619579250923,0.843801364663309,0.850822015813952,0.855405945246186,0.86099612538378
10,"Sobol",0.857937482230601,0.850107814397241,0.854731733567538,0.847572414165919,0.8565279117944,0.850693455385855,0.849353040024856,0.844725701056013,0.850916121696137,0.851139072399039,0.849348061761146,0.842910427806141,0.852419732612892,0.850285752153065,0.843897773833738,0.843854798914432,0.853345540742481,0.847747384235643,0.840997996134247,0.858108303271748,0.849624746761127,0.840618171191228,0.84826061736895,0.858601498417205,0.861129373048657,0.854696247490103,0.853145944672986,0.852803660101309,0.85013390780498,0.856556672677326
20,"Sobol",0.848768394441066,0.852175255064361,0.852050796937516,0.848946696138187,0.851764771325672,0.851591356630179,0.847951854031777,0.849859262741071,0.84932451533058,0.85015277926159,0.852530644427164,0.850095665454351,0.849591064894467,0.849521323819861,0.852118753479657,0.852645977524548,0.852590262419851,0.848886709519582,0.849910417227361,0.852202269859587,0.847974736303014,0.851912499208639,0.852123985072675,0.850645377671926,0.848924576348828,0.854243399801766,0.850346809000543,0.85002297215679,0.848442275700836,0.852217064407512
30,"Sobol",0.853671491330811,0.850849054340238,0.851196882660244,0.851121063919756,0.849320561441593,0.849431730556367,0.850780510914061,0.850181573331269,0.853197603517019,0.852304146900764,0.85044113216111,0.852055638561893,0.853987016625661,0.852430592042796,0.851108091569037,0.851210303926804,0.852431640807328,0.849928648792044,0.853554021033313,0.852724405813875,0.850839985117433,0.850293074498641,0.850939539676342,0.852252771152476,0.850005696683403,0.849272711044072,0.851584375372538,0.853100251316707,0.849268181671031,0.851838004326585
40,"Sobol",0.851072006767278,0.851299990123642,0.851525957936387,0.850334086078931,0.85167163648336,0.851127522779307,0.85111318703196,0.851152375898316,0.851317103123711,0.850627682850866,0.851267113011109,0.849847014638516,0.850364277746494,0.851154821318292,0.85116650148938,0.851461616488511,0.851869957928231,0.851833671492868,0.851851077528091,0.8510503313876,0.850529830151567,0.851938614446045,0.850287497512962,0.851015370397601,0.85153140674407,0.850825820545985,0.850693374239361,0.85057271988092,0.851477426844223,0.851205504467253
50,"Sobol",0.85027429003545,0.853095873061252,0.85129957244874,0.850700423254926,0.851289970537174,0.850873364323768,0.851212078601307,0.851472567303241,0.851376909683769,0.84936435527427,0.851465213487077,0.849521956035307,0.851002937741595,0.851520016223493,0.851562668921445,0.850503682236182,0.851320936709219,0.850813036962534,0.851421945823145,0.851522554370145,0.851775886674667,0.85055892129311,0.850995052671883,0.850492585279455,0.850874118252379,0.850741791093582,0.850945749068883,0.850629951042947,0.850733173742425,0.84996005437474
60,"Sobol",0.850863445941741,0.85070273023739,0.850809233899903,0.850985713812508,0.851111777167367,0.85148036901962,0.850892487207834,0.851453036359606,0.851217556887243,0.851527348367428,0.851557037831535,0.850747322914364,0.851202667867015,0.850690259497943,0.850574560737915,0.850730279242946,0.850792533893863,0.851702733044935,0.85127048163765,0.850617140219469,0.850650078753739,0.85135425590293,0.850690391190311,0.851299297686263,0.850663790726565,0.850975828690091,0.851195006244939,0.851133934589062,0.851105884990379,0.851361817176349
70,"Sobol",0.851382042902709,0.851255040830522,0.850944040609676,0.851927075654023,0.851248678312639,0.851219181429392,0.852384893148649,0.850928538939728,0.851380302049905,0.85237682399752,0.850989860342456,0.851377152398647,0.852416095816,0.851163900879426,0.85008379933941,0.850130908014395,0.852312434777224,0.851320401321527,0.85165400211717,0.851419380932421,0.85031926155169,0.850890690835813,0.850523546805572,0.85027945035935,0.850813657649106,0.850692463298195,0.850709222965968,0.852002801173098,0.850185556034081,0.850972481193293
80,"Sobol",0.850568597347838,0.851071572729869,0.851136805657797,0.851171961722508,0.851083359991181,0.851163682477396,0.851830795924411,0.851749815121637,0.85108369306936,0.85046411837604,0.851725865808721,0.851735241429199,0.851168663633149,0.850570233215254,0.851150439891125,0.851150857833695,0.85113105835304,0.851013562236467,0.851179172696553,0.851069947825736,0.85111587006568,0.850597855566164,0.851172508988415,0.850528591898166,0.851830820142063,0.850977693459488,0.851099495191873,0.851779089786401,0.851120149521028,0.851136519629616
90,"Sobol",0.851915331486886,0.851539142449548,0.850570648651326,0.850899739627481,0.851485713622195,0.851900816185953,0.850826544106456,0.851132375572629,0.851063216721051,0.851274981285997,0.851059043586864,0.851341549426068,0.850682449579466,0.851193420404413,0.851360916385044,0.851333145660187,0.850847527424223,0.850842878869854,0.851170341166108,0.852225704641151,0.850879752379258,0.851029762782594,0.851792157987056,0.851964142049711,0.851439296965031,0.850713283368283,0.850750936704729,0.851292864878357,0.851042587721733,0.851180736801801
100,"Sobol",0.851390572361379,0.85099259196905,0.851351803914691,0.851204245467582,0.850863385513475,0.85121856459469,0.850863539745931,0.850969806245405,0.851370337333431,0.851127983665786,0.85141779281551,0.851354489376463,0.850775905946712,0.851143170224414,0.850743396340935,0.851182926004804,0.85102928107102,0.85100871315646,0.850747259881164,0.851045699844721,0.851192737469533,0.850793028861069,0.850966030764622,0.850833014634508,0.851109823720718,0.851137926520512,0.851158445692603,0.85107492888699,0.851055311340128,0.851304588719548
10,"Uniform",0.852165831513764,0.852104771132759,0.853080882849895,0.852007064266274,0.852988245253622,0.852007064266274,0.851685347301634,0.853142198340384,0.853080882849895,0.852868313267725,0.852988245253622,0.852127541861306,0.852104771132759,0.851837923905699,0.853080882849895,0.851685347301634,0.852798090168198,0.852165831513764,0.851685347301634,0.853142198340384,0.852127541861306,0.851685347301634,0.852798090168198,0.852798090168198,0.853080882849895,0.852798090168198,0.851793712093594,0.851793712093594,0.851685347301634,0.851793712093594
20,"Uniform",0.851245561863693,0.85124076546175,0.85109674973742,0.851453680518667,0.85144386065638,0.851668956165976,0.851671868595291,0.851132047113735,0.851471699440161,0.851360901360789,0.851355457590807,0.851376913744036,0.851145363498906,0.851494485962272,0.851541689458809,0.851655170027909,0.851385786838974,0.851096720813768,0.851330039473911,0.851434185277849,0.851583041646627,0.851552530265523,0.851586242352504,0.851356652524975,0.851354556821071,0.851269340924509,0.851270280257807,0.851227511221141,0.851303149553184,0.85141325187377
30,"Uniform",0.851299762372962,0.851204486137583,0.85116831362787,0.851259913176261,0.851287387784713,0.851173260132145,0.851220352097453,0.851171580519686,0.851131343770654,0.851310362585697,0.851211058656345,0.851317601275909,0.851285274681432,0.851331321833417,0.851140956408473,0.851119008142776,0.851292801863322,0.851280610726929,0.851217665694708,0.851045333382653,0.851212553215194,0.851156865917675,0.851234025220053,0.851238100675898,0.851462352984003,0.851278612973992,0.851144759918599,0.851101206913544,0.851207100049239,0.851307202863937
40,"Uniform",0.85119568225605,0.851240858087696,0.851179459451893,0.851211749867812,0.85121761089391,0.851205122953617,0.851274769049476,0.851280000897647,0.85124606047295,0.851208780131931,0.851255180376435,0.851211218328537,0.851147029363802,0.85113644161555,0.851178433896692,0.851196638610252,0.851168119869929,0.85121867155462,0.851166462756536,0.851170147513882,0.85122928416549,0.851206642221984,0.851193000107158,0.851251212618979,0.851175343550133,0.851157104098654,0.851249443940981,0.851203039661396,0.851290513302693,0.851176833931505
50,"Uniform",0.851192319318532,0.851164839610787,0.851218455439546,0.851150363897467,0.85123307005518,0.851175104255471,0.851169796682098,0.85112261241819,0.851189621921153,0.851167763327468,0.851144775147391,0.851144524428094,0.851187394903033,0.851144202744722,0.851142352718129,0.851154589935369,0.851232916377199,0.851184248015517,0.851195835162358,0.85119223394645,0.8511532078519,0.851148995414081,0.851086127774108,0.851136509682751,0.851168603531617,0.851208904056225,0.85114083786342,0.851202007361209,0.851188281711489,0.851147848794367
60,"Uniform",0.851169277831908,0.851134532681548,0.851128860456189,0.851194646332424,0.851160930384022,0.851190759981166,0.851166543713116,0.851107847182405,0.851197294223623,0.851156851065183,0.851105853609144,0.851189387969598,0.851166949950251,0.851188149475132,0.851129841777628,0.851196358155082,0.851110220633838,0.851110160469279,0.851102970318876,0.851158147170383,0.851196696341767,0.851113771934491,0.851171026329942,0.851197993593616,0.851113352141458,0.851141632907775,0.851147091160495,0.851124060584795,0.851185983488913,0.851128409928164
70,"Uniform",0.85113433218157,0.851166603457807,0.851183723446385,0.851127348798822,0.851117983542078,0.851185397703961,0.851144632652007,0.851149247646707,0.851116449239897,0.851167072883293,0.851161383384459,0.851172308366479,0.851150389957806,0.851130364007133,0.851136299647893,0.85114669743861,0.851143612813175,0.851153379602492,0.851121420361645,0.851110884979015,0.851166654959429,0.8511461757602,0.851119560615137,0.851149392757501,0.851127901720993,0.851102326432627,0.851086725887447,0.851144128190104,0.851108703970601,0.851122099071113
80,"Uniform",0.851110050340446,0.851161671763955,0.851110696801708,0.851177247863012,0.851113363999547,0.851127451052183,0.851105427886389,0.851112781706938,0.851119231641248,0.851125515682076,0.851136475827937,0.851121691666832,0.851148289617787,0.851129283681013,0.851144118953201,0.851128437207117,0.851127912653878,0.851162831557166,0.851120614816064,0.851119889230274,0.851135205258197,0.851149214193565,0.851157668199539,0.851135245800182,0.851131287429206,0.851181589369187,0.851160873835762,0.851110601849611,0.851137538355591,0.851127861968755
90,"Uniform",0.851138978506861,0.851173682503904,0.851142631731809,0.851111803391521,0.851124503062434,0.851159781807083,0.851125130003698,0.851114486433134,0.851121322442578,0.851146663828676,0.851151323523464,0.851155923347103,0.851108019229984,0.851148034756313,0.851168764583174,0.851136505721668,0.851131974663481,0.851126269872127,0.851115750282001,0.85112077716224,0.851127563996029,0.851143567121532,0.851116677526899,0.851120280036984,0.851125358407256,0.851125420288727,0.851138968496796,0.851129250485698,0.85111099189227,0.851129620449872
100,"Uniform",0.851128078924389,0.851128712596246,0.85113051827368,0.851124937132236,0.851150626936383,0.851152284451319,0.85116137515935,0.851126109042619,0.851142226461897,0.85112942461204,0.851159900194593,0.851135538933921,0.851141898014704,0.851141853786073,0.851131845819892,0.851155661389129,0.851138045923006,0.851142598200217,0.851114538363249,0.851120904137349,0.851140347091092,0.851149570939409,0.851114488899389,0.851131950569373,0.851117794787267,0.851128669084305,0.851105383807057,0.8511520362185,0.851154183497989,0.851154651563887
