"","test","true","u1t.1","u1t.2","u1t.3","u1t.4","u1t.5","u2t.1","u2t.2","u2t.3","u2t.4","u2t.5"
"1",0,0,0.63980376135766,-0.889872678599847,0.827405717823063,0.406460335224629,0.0750117024115817,0,0,0,0,0
"2",0.00333333333333333,0.0213694098462831,0.661076914925747,-0.841548607549123,0.879165080321476,0.416352989750365,0.115948486058737,0.0631374720800809,-0.021572122272326,-0.00287211795692041,0.0397948841787838,-0.10762978781642
"3",0.00666666666666667,0.0434542384702748,0.673595250966696,-0.789409663075808,0.922044128421667,0.432914330177959,0.153697597366471,0.131929281921643,-0.0426915584485064,-0.0113420796419357,0.0781823371540519,-0.211563384631155
"4",0.01,0.0660390991752619,0.677387313893259,-0.733845456453332,0.955166944380585,0.455942313247347,0.187251209033937,0.204979543531889,-0.0634947980204958,-0.0252677418506523,0.114167630430677,-0.311420930964667
"5",0.0133333333333333,0.0888936495564965,0.67265579906281,-0.67527246711175,0.977939610868008,0.485111667309722,0.215698815011486,0.280870370666942,-0.0841443477584088,-0.0444115267994316,0.146903348316092,-0.406875602844654
"6",0.0166666666666667,0.111774308996807,0.659765246817443,-0.614137115574528,0.990059329565274,0.519984512425654,0.23825597766989,0.358189483997794,-0.104822457700395,-0.0684395481931473,0.175700776064452,-0.497640100519944
"7",0.02,0.134426188501567,0.639223695679583,-0.550914153560629,0.991511144280536,0.560025577323343,0.254287648261932,0.435555620485056,-0.12572308338812,-0.0969228232608069,0.200036005322279,-0.583453135061562
"8",0.0233333333333333,0.1565852247093,0.611665960460967,-0.486110846794065,0.98255874745642,0.604617195850238,0.263329961399334,0.511639896708305,-0.147041214410145,-0.129339856194088,0.219550580183376,-0.664066780104009
"9",0.0266666666666667,0.177980507799561,0.577831626078194,-0.420265044582016,0.963727445969828,0.653074640581163,0.265104596361682,0.585181512889931,-0.168957993266874,-0.16508233543787,0.234045699235557,-0.73923493921207
"10",0.03,0.198336790895877,0.538544903264878,-0.353945286673251,0.935778717953389,0.70466396654849,0.259528849826817,0.655000666517995,-0.191624343049237,-0.203462980700421,0.243473342772999,-0.808703832363597
"11",0.0333333333333333,0.217377166440188,0.494691785085719,-0.2877451790157,0.899680674997346,0.758617445857302,0.246720030863467,0.720006349948284,-0.215143558467354,-0.243725496785771,0.247921964747488,-0.872204921728485
"12",0.0366666666666667,0.234825892908238,0.447198894968366,-0.222278618067669,0.856574673342983,0.814148317685557,0.226993575472338,0.779200899393287,-0.23955258331341,-0.285057443243644,0.24759997140513,-0.929450383938119
"13",0.04,0.250411353153818,0.397012260472936,-0.158170085572024,0.807738292397975,0.870464029868354,0.200856313091676,0.831682198380658,-0.264804842604206,-0.326605500394068,0.242816647742796,-0.980131256441334
"14",0.0433333333333333,0.263869123624531,0.345077242779318,-0.0960438798447185,0.754547808651762,0.926777179862531,0.168994682687257,0.876643287529618,-0.290755760559449,-0.367492104705248,0.233961685463464,-1.02391898292156
"15",0.0466666666666667,0.274945131692963,0.29232045351313,-0.036511201773542,0.698440428646718,0.982314462868369,0.132257181284681,0.91337164357002,-0.317150888674793,-0.406833828707302,0.221484355973166,-1.06046927716279
"16",0.05,0.283398876404494,0.239632000776433,0.0198443597457274,0.640876914075202,1.03632388957573,0.0916337046957282,0.94124868788462,-0.343620342292879,-0.443761239459795,0.205873370096789,-1.08942875559722
"17",0.0533333333333333,0.289006686065322,0.187851955326355,0.0724814117967375,0.583306811573904,1.08807913181484,0.0482304323525791,0.959749523549637,-0.36967842571604,-0.477438075202933,0.187637546498167,-1.11044425508834
"18",0.0566666666666667,0.291564984290067,0.137756597482371,0.120915729560988,0.527135700732759,1.13688339301946,0.00324216613162443,0.968444646029624,-0.394730133376478,-0.507080749132415,0.167288511911769,-1.12317369175708
"19",0.06,0.290893534405254,0.0900482785878675,0.164734473509114,0.47369527083902,1.18207169246218,-0.0420778755066235,0.967003746165161,-0.418086093062759,-0.531975706473081,0.145326109983776,-1.1272993913073
"20",0.0633333333333333,0.286838630470439,0.0453469287559135,0.203607938198632,0.424217106299909,1.22301245359718,-0.0864495421365069,0.955201291223372,-0.438982954666277,-0.551495808560086,0.122226099988166,-1.12254178956805
"21",0.0666666666666667,0.279276201639788,0.00418325705819007,0.237299745065842,0.379809340400968,1.25910875163748,-0.128597539362727,0.932924199269488,-0.456612307234654,-0.56511303243031,0.0984310893277138,-1.10867482044356
"22",0.07,0.268114795150621,-0.033005703074244,0.265673925617633,0.341437209058147,1.28980014063539,-0.167283818126886,0.900181183143325,-0.470153713804791,-0.572408369251596,0.074344623812846,-1.08554104959143
"23",0.0733333333333333,0.253298401899143,-0.0658797907470873,0.288699361713522,0.309906117090475,1.31456522262905,-0.201338037786664,0.857113073751888,-0.478813665025033,-0.57307789388468,0.0503282236086718,-1.05306703588342
"24",0.0766666666666667,0.234809087355576,-0.09419709717376,0.306449954072997,0.285848615173976,1.33292490227705,-0.229686892195989,0.804002699218855,-0.481865488351787,-0.566935333499428,0.0267011874798989,-1.0112778652268
"25",0.08,0.212669389490621,-0.117814415474056,0.319102527192196,0.269714166478152,1.34444670459032,-0.251380626894165,0.741284644692229,-0.478690045207536,-0.553910676097006,0.0037431217517323,-0.960310106146866
"26",0.0833333333333333,0.186944444444444,-0.136686311270473,0.326930808527635,0.261761825491162,1.34875021851367,-0.265615916024251,0.669551869502187,-0.46881462631379,-0.534044957718994,-0.0183017343000087,-0.900423666652093
"27",0.0866666666666667,0.157743799882624,-0.150863085427239,0.330296863447897,0.262055947006963,1.34551372876542,-0.271755297372038,0.589560163878951,-0.451947016355859,-0.50748267461116,-0.0392181077239504,-0.832010546000503
"28",0.09,0.125222875369522,-0.16048831649239,0.329640344020263,0.270464806779552,1.3344808329247,-0.269341445221869,0.502227900617303,-0.428002757047323,-0.474460975837513,-0.0588125572343084,-0.755601033201803
"29",0.0933333333333333,0.0895840286721301,-0.165794881596197,0.325465612676647,0.286662107742726,1.31546832766837,-0.258107540103964,0.408630963983064,-0.397123968654682,-0.435297835184477,-0.0769057459651808,-0.671866411473156
"30",0.0966666666666667,0.0510771867171785,-0.16710041521075,0.318327168217635,0.31013233352802,1.28837279625784,-0.237980771822001,0.309992527318156,-0.35968793634652,-0.390378936877714,-0.093324464922631,-0.581617738773403
"31",0.1,0.0100000000000001,-0.164801387459024,0.30881544040213,0.340178489997706,1.25317766224095,-0.209082323267394,0.207666546602365,-0.316304005626006,-0.340144421055819,-0.107894913600938,-0.485800389504997
"32",0.103333333333333,-0.0333025203657298,-0.159366574209892,0.297541154537574,0.375933827818116,1.20995864661429,-0.171720766769817,0.10311623846069,-0.26779923650265,-0.285076700606111,-0.12043658735993,-0.385484213918757
"33",0.106666666666667,-0.0784389230017244,-0.15132819040041,0.285120762189284,0.416377285980586,1.15888745609614,-0.12638067237814,-0.0021130028284958,-0.215192106213946,-0.225689117020537,-0.130758295671849,-0.28184906603637
"34",0.11,-0.124972832849072,-0.141272333267704,0.272162639406228,0.460352210043389,1.10023395603526,-0.0737068136962773,-0.106425052225326,-0.159656272190204,-0.162516833855451,-0.138656128292198,-0.176165921141894
"35",0.113333333333333,-0.172425101049229,-0.129827342874264,0.259254200306624,0.506588629023442,1.0343661722533,-0.0144840946437646,-0.208207994309065,-0.102474567480396,-0.0961095576191131,-0.143913980896097,-0.0697737909881588
"36",0.116666666666667,-0.220276622776623,-0.117650440221154,0.246950549594789,0.553728985006863,0.96174763297763,0.050385962825466,-0.305870928053084,-0.0449866321971971,-0.0270268604440884,-0.146306555092947,0.035947187355474
"37",0.12,-0.267971854483317,-0.105412546367445,0.235764856348018,0.600356593770939,0.882932437160457,0.119911270958285,-0.397881967408267,0.0114676722219145,0.044164918502108,-0.145605205031013,0.139605434313987
"38",0.123333333333333,-0.314923057888852,-0.0937817055656416,0.226160125693215,0.645026560438906,0.798558173706466,0.193036801076449,-0.482804769945656,0.0656065636480908,0.11689328639752,-0.141586075504762,0.23983032725966
"39",0.126666666666667,-0.360515292814392,-0.0834049460112773,0.218542983039312,0.686298219509579,0.709336499182927,0.268672823581752,-0.559333256007224,0.116262601834004,0.190579326542604,-0.134040631074602,0.335305511227737
"40",0.13,-0.404112174424931,-0.0748894529657604,0.213258921781208,0.722768171122844,0.616042078273865,0.345722877918912,-0.62632229975742,0.162434535886004,0.264636491348391,-0.122787663635562,0.424802441571434
"41",0.133333333333333,-0.445062402392053,-0.0687831014833286,0.210588904985103,0.753103562264366,0.519499845770428,0.423110824459084,-0.682813366309328,0.203331336603461,0.338469224584586,-0.107686482498394,0.507213129348911
"42",0.136666666666667,-0.482707059693159,-0.0655556858397976,0.21074752596371,0.776073539704077,0.420571278412545,0.499805451191794,-0.728054257112916,0.238406476726525,0.411472224649395,-0.0886503154853573,0.581580443119166
"43",0.14,-0.516387666983292,-0.0655809803692147,0.213882163419271,0.790578920562731,0.320140000899901,0.574842798265508,-0.761512202345165,0.267380490933701,0.483030812402362,-0.0656590630702309,0.647125236555201
"44",0.143333333333333,-0.545454964477236,-0.0691212463159356,0.22007352299879,0.795677771245904,0.219097580496746,0.647344724855413,-0.782879569664679,0.29025003937372,0.552522984462279,-0.0387704493043316,0.703268987219046
"45",0.146666666666667,-0.569278376843957,-0.0763139780643429,0.229336235444226,0.790607931378948,0.118328655115839,0.716534553477563,-0.792072784684992,0.307283815776215,0.619323503039805,-0.00812883013065771,0.749651075592653
"46",0.15,-0.587256097560976,-0.0871631857247998,0.241621202217754,0.774803259585494,0.018697710691898,0.781747990284611,-0.789224411387868,0.319004584348475,0.682810125058362,0.0260292973617506,0.786139641632543
"47",0.153333333333333,-0.598825707383331,-0.101534427948492,0.256817850400081,0.747905328963067,-0.0789641924225731,0.842440846544131,-0.77466895191022,0.326158927223132,0.742372311621671,0.0633736096063539,0.812836134887056
"48",0.156666666666667,-0.603475217024299,-0.119155385670928,0.274757677535024,0.709768660767649,-0.173870675109813,0.898192502354755,-0.748923850914469,0.329676373946705,0.797421231888919,0.103482846738844,0.830072422720564
"49",0.16,-0.600754396927788,-0.139621475801223,0.295218272005815,0.660460282607661,-0.265290593295327,0.948705675912507,-0.7126660197454,0.330619055107076,0.847402157959274,0.145851956961435,0.838400775930278
"50",0.163333333333333,-0.590286227413678,-0.16240712462067,0.317927876881648,0.600253820570013,-0.352556824952865,0.993803109322481,-0.666705894845726,0.330126483314684,0.891806845239371,0.1899039932291,0.838577117405429
"51",0.166666666666667,-0.571778270996064,-0.186882292800235,0.342571285208277,0.52961791468713,-0.435073461301012,1.03342080715385,-0.6119601196281,0.329356174289816,0.930186990984135,0.23500583556839,0.831537442901191
"52",0.17,-0.545033736077574,-0.212333735668411,0.368796377936168,0.449200353333838,-0.512321366460228,1.06759913986603,-0.549423776647248,0.329424726553939,0.962166421949388,0.28048732673076,0.818368705671475
"53",0.173333333333333,-0.509961968591383,-0.237990469161828,0.396221610523275,0.359808616541538,-0.583862248232419,1.09647120908232,-0.480144351719616,0.331351988066522,0.987452537617125,0.325662946188094,0.800274538706258
"54",0.176666666666667,-0.466588076928642,-0.263052170564167,0.424444566244029,0.262387365374842,-0.649340912014561,1.12024996313754,-0.405197551474497,0.336010634080638,1.0058451249711,0.36985457183692,0.778537368895002
"55",0.18,-0.415061367457729,-0.286719459696403,0.453051371886689,0.15799448889546,-0.708485935716192,1.1392134827376,-0.325666432466415,0.344084167973589,1.01724302324266,0.412414340113581,0.754477760872609
"56",0.183333333333333,-0.355662245290273,-0.308224607009873,0.481626444182561,0.0477767148657766,-0.761109246400887,1.15368989516742,-0.242624457699825,0.356034742965865,1.02164735448768,0.452745870432801,0.729412600015164
"57",0.186666666666667,-0.288807220190069,-0.32686125926406,0.509763124772871,-0.0670549183620083,-0.8071035846494,1.16404141579707,-0.157122444588708,0.372082610143176,1.01916139775908,0.490323212601227,0.704613493535044
"58",0.19,-0.215051653425673,-0.342011709086377,0.537074062669222,-0.185247811223248,-0.846439261880309,1.17064869598369,-0.0701798041518252,0.392197379565658,1.00998699160924,0.524705481231009,0.681266463825688
"59",0.193333333333333,-0.135089890833031,-0.353170474521871,0.563201242222319,-0.305529004805091,-0.87915917244262,1.17389529357141,0.0172200049131136,0.41610157504735,0.994417812744333,0.555546966656478,0.660434774126408
"60",0.196666666666667,-0.0497524532164395,-0.359962732382891,0.587825288501133,-0.426623801386028,-0.905372967673567,1.1741535011491,0.104131104076202,0.443285580501845,0.972829358911028,0.582601880316068,0.64302560122277
"61",0.2,0.0399999999999998,-0.362157101009683,0.610673157350004,-0.547271550690139,-0.925249973113647,1.17177097004337,0.189643558926176,0.473032947233127,0.945666870842022,0.605723026458485,0.629761923746621
"62",0.203333333333333,0.133086152336558,-0.359671507774343,0.631524234810747,-0.666238730455561,-0.939011682664001,1.16705971511561,0.272880149352686,0.504454542290776,0.913431166059538,0.62485530695421,0.621160598386597
"63",0.206666666666667,0.228317088075069,-0.352572749723371,0.650214253404634,-0.782329497390477,-0.946922700905767,1.16028667962425,0.352992304674746,0.536529237652265,0.876663730003461,0.640023797276967,0.617516997249446
"64",0.21,0.324412948453327,-0.341068469434443,0.666636093371817,-0.894393302643236,-0.9492825829032,1.15166727675248,0.429156132872166,0.568149382483791,0.83593142635855,0.651317653173081,0.618896936542453
"65",0.213333333333333,0.420023079895098,-0.325493584255776,0.680738661282723,-1.00133115119989,-0.946416186449694,1.1413616698857,0.500569614061743,0.598168278656371,0.791811872555303,0.658870734198528,0.625136009131725
"66",0.216666666666667,0.513749423697556,-0.306290463991735,0.692522220693314,-1.10210001274173,-0.938664876170054,1.1294737288677,0.566452145174929,0.625447645992947,0.74487986212835,0.662840634390392,0.635846153514444
"67",0.22,0.604172742334033,-0.28398493986483,0.702032167947129,-1.19571677743648,-0.926377688416926,1.11605308064009,0.626046457039874,0.648902935031832,0.695695818629331,0.663387315154975,0.650429449589522
"68",0.223333333333333,0.689881120877349,-0.259158935193607,0.709349477842898,-1.28126155417791,-0.909903547756076,1.1011000427509,0.678624316788161,0.667544322308166,0.644796272483041,0.660653046103065,0.668098276395612
"69",0.226666666666667,0.769500032254731,-0.232421493377199,0.714580782001105,-1.35788182845872,-0.889583816103803,1.08457287014585,0.723495509764459,0.680511929761131,0.592686994105065,0.654745026641996,0.687901415860065
"70",0.23,0.841723122440471,-0.204379729770938,0.717846727783974,-1.42479710683731,-0.86574625203501,1.06639700107038,0.760020191895837,0.687104324649918,0.539838310870876,0.645722318978798,0.708755153552664
"71",0.233333333333333,0.905342766940072,-0.175611089026263,0.719270567137552,-1.48130474134574,-0.838700799153939,1.0464760629238,0.787624900692578,0.686798871277422,0.486683192468679,0.633587448277698,0.729478184466518
"72",0.236666666666667,0.959279383081516,-0.146639040355121,0.718967850677079,-1.5267875194924,-0.808735795065933,1.02470285263751,0.805820381563425,0.679264073411489,0.433617105950463,0.618283969060921,0.748829605744029
"73",0.24,1.00260846213747,-0.117912774805882,0.717036900516536,-1.56072228133256,-0.776116732027368,1.00097119612192,0.814221449351488,0.66436372683175,0.380999589180808,0.599700253380876,0.765548566691368
"74",0.243333333333333,1.03458431694831,-0.0897925135452045,0.713552625758739,-1.58269011548815,-0.741086169713968,0.975186120776737,0.812567253259833,0.642153263771473,0.329157167800695,0.57767883479696,0.778394557568424
"75",0.246666666666667,1.05465962679416,-0.0625413061178685,0.708562319606077,-1.59238748349869,-0.703865142158646,0.947273101678763,0.80074042559425,0.612869024835208,0.278386313014304,0.552031461503279,0.786187291038064
"76",0.25,1.0625,-0.0363232887091471,0.702085593360288,-1.58963800709074,-0.664655854276178,0.917184684567148,0.778784616744251,0.576911438917901,0.228956756658845,0.522558626817461,0.787844836888443
"77",0.253333333333333,1.05799296012749,-0.0112087229009944,0.694117175528686,-1.57440411654178,-0.623645517626723,0.884904586615565,0.746918074516749,0.534823433824453,0.181114020935932,0.489072428419857,0.782419519100856
"78",0.256666666666667,1.04125098361498,0.0128144441200886,0.684632951763686,-1.54679802462664,-0.581010857530731,0.850449210408448,0.705543027602411,0.487265147727404,0.135080996657886,0.451421139164133,0.769130003566185
"79",0.26,1.01260846213747,0.035823478313767,0.673599684316991,-1.50709107706593,-0.536922956732107,0.813865628382925,0.655249172639267,0.434986946261152,0.0910577461177175,0.409514411935044,0.747389364700747
"80",0.263333333333333,0.972612716414848,0.0579392564727623,0.660986133773181,-1.45572093899007,-0.491551951708336,0.7752273654608,0.596810879157326,0.378801157029459,0.049220157770518,0.363347124469509,0.716828015126458
"81",0.266666666666667,0.922009433606739,0.079301203681835,0.646776423607024,-1.39329537404048,-0.44507111151781,0.734627513766572,0.531177310106242,0.31955506783551,0.00971656693542469,0.31302020360863,0.677311080837624
"82",0.27,0.861723122440472,0.100041101054669,0.630983093995567,-1.32059220146404,-0.397660511895021,0.692170516153222,0.459456045423108,0.258105374729193,-0.0273370199489008,0.258757614584471,0.628949629861106
"83",0.273333333333333,0.792833365588064,0.12025635344508,0.613660540733264,-1.23855488103568,-0.349508633046861,0.647962625055879,0.382889559584585,0.195295931849809,-0.0618629611219179,0.200917954497927,0.572105452377506
"84",0.276666666666667,0.716547787544016,0.139985622886945,0.59491611312814,-1.14828273648341,-0.300813251110526,0.60210273303764,0.302826155563703,0.131938693797118,-0.0938287688212275,0.140000006841042,0.507389068695209
"85",0.28,0.634172742334033,0.159187507708386,0.574919024290123,-1.05101629463377,-0.251779937136819,0.554673760043827,0.220685516818497,0.0687996133318778,-0.123254346924918,0.076641824441968,0.435650944071804
"86",0.283333333333333,0.54708275703089,0.177724301859902,0.553905675656176,-0.948117095172811,-0.202619435990589,0.505735923414243,0.137920899592837,0.00658841001320596,-0.15021845510198,0.0116135344348171,0.357965802068047
"87",0.286666666666667,0.456689746561764,0.195351758717063,0.532181105041441,-0.84104251459468,-0.153543060380448,0.455322494272665,0.0559790470106272,-0.0540466744199618,-0.174864394549234,-0.054196353798003,0.275610425526415
"88",0.29,0.364412948453325,0.211715789974887,0.510115933124498,-0.731315980998268,-0.104756804439707,0.403438224299187,-0.0237404626744627,-0.112520064906947,-0.197403886150248,-0.119799804796243,0.19003522220897
"89",0.293333333333333,0.271650421408402,0.226356505031341,0.488138703339459,-0.620493649091379,-0.0564546194357738,0.350061432515959,-0.0999243442950436,-0.168306155398488,-0.218118433138237,-0.184132947068211,0.102830085410539
"90",0.296666666666667,0.179752819003223,0.238719652989504,0.46672432413938,-0.510128293583117,-0.00881094358359442,0.295149263931581,-0.171382027918431,-0.220933854214137,-0.237357797481283,-0.246083044113317,0.0156855218690566
"91",0.3,0.0899999999999988,0.248175202578619,0.446378089360491,-0.401731481130598,0.0380263973589538,0.238646212595825,-0.237077238038813,-0.269978821882194,-0.255535106889741,-0.304517673623718,-0.0696502947333769
"92",0.303333333333333,0.00358088011689363,0.254041672239962,0.427616994536256,-0.296736186362665,0.0839430669514501,0.180495179078991,-0.29615380729301,-0.315054588678036,-0.273118537169176,-0.358314902361856,-0.15141703984498
"93",0.306666666666667,-0.0784232241663652,0.255615724709049,0.410948915330776,-0.196460489341326,0.128863308794089,0.120650746677041,-0.347954428256165,-0.355803660431955,-0.290619099000818,-0.406392968917737,-0.227889350269925
"94",0.31,-0.155051653425672,0.252205074572838,0.396850059966829,-0.102074266538594,0.172753575587481,0.0590935110314556,-0.392031534881779,-0.391889510121841,-0.308575113480859,-0.447738775368905,-0.297424072242085
"95",0.313333333333333,-0.225473886856736,0.243162895749865,0.385743250040124,-0.014570733707682,0.215624009957009,-0.00415570842818567,-0.42815002746757,-0.422990238409573,-0.327533607650672,-0.4814337649223,-0.358505786823635
"96",0.316666666666667,-0.288995578623607,0.22792226607908,0.37797630730284,0.0652569665621627,0.257526878800704,-0.0690221481826246,-0.45628190594516,-0.448794938106869,-0.348029041496849,-0.506676977174968,-0.409789798941958
"97",0.32,-0.345061367457729,0.206028465146396,0.373803376133749,0.136831708501876,0.298552693615477,-0.135365821591514,-0.476592965744888,-0.469002846590749,-0.370560215282061,-0.522804467661377,-0.450140424111695
"98",0.323333333333333,-0.393254743595309,0.177167469059564,0.373368992961091,0.199801052957516,0.3388236917711,-0.20297277108609,-0.489422699293059,-0.483326020012326,-0.395566564400811,-0.529304947496182,-0.478663757257801
"99",0.326666666666667,-0.433295301924716,0.14118914444252,0.376695998136813,0.254037812631682,0.378484779152952,-0.271550257880554,-0.495258151451874,-0.491495197630913,-0.423403978625005,-0.525831607955302,-0.494733550286167
"100",0.33,-0.465033736077573,0.0981238925564014,0.38367802789892,0.299632513651601,0.417692588221975,-0.340726111046537,-0.494703220842981,-0.493268896680517,-0.454322349138986,-0.512210441930593,-0.498009123502841
"101",0.333333333333333,-0.488444937662731,0.0481917354388483,0.394076588019333,0.336877863064402,0.456603693231522,-0.410052723454693,-0.488444941729405,-0.488444938763592,-0.488444932180354,-0.488444942073598,-0.488444947271539
"102",0.336666666666667,-0.50361956074701,-0.00819641822445266,0.40752339331264,0.366246476508139,0.495361772469582,-0.479015348616455,-0.477218477520896,-0.476874033094499,-0.525751240980825,-0.454717643969737,-0.466291333683848
"103",0.34,-0.510754396927788,-0.0704453924845078,0.42352697591113,0.388362143874567,0.534085864251749,-0.547045010206925,-0.461772376387919,-0.458474302750085,-0.566063883077145,-0.411389043996655,-0.432086297887658
"104",0.343333333333333,-0.510141883690965,-0.137790357455868,0.441484460767696,0.40396671179947,0.572859815134353,-0.613535034774276,-0.442835762701497,-0.433245925711501,-0.6090407488728,-0.358993626837697,-0.386638799363108
"105",0.346666666666667,-0.502159040716664,-0.209317895398209,0.460696747729765,0.413883709380561,0.611723909390873,-0.677860377774746,-0.421089143841749,-0.40128479742209,-0.654172304160342,-0.298233610992173,-0.331004299814632
"106",0.35,-0.487256097560975,-0.283992703259615,0.480387309675569,0.418980368101797,0.650669769112345,-0.739399061437989,-0.39713983694002,-0.362794211433037,-0.700785585773801,-0.229970234982724,-0.266453206901904
"107",0.353333333333333,-0.465945043510623,-0.360689473255463,0.499723716480216,0.420130085352758,0.689639079257617,-0.797554410313224,-0.371503155246344,-0.318093796932634,-0.748053736478151,-0.155212555286672,-0.194433644257419
"108",0.356666666666667,-0.438788297810569,-0.43822669522032,0.517840774522852,0.418176869409518,0.728526069398043,-0.851776876455659,-0.344590385320812,-0.267624667410062,-0.795011975895865,-0.0751036408131475,-0.116529801905455
"109",0.36,-0.406387666983292,-0.515402659777811,0.533865005850537,0.413903146932623,0.76718444184594,-0.90158423250178,-0.316703267721655,-0.211950484789625,-0.840579407280902,0.00909599027532526,-0.0344174740667496
"110",0.363333333333333,-0.369373726359826,-0.591030937282627,0.546938785211132,0.408002253573446,0.805438505423987,-0.946579248994061,-0.288035535444167,-0.151754039115671,-0.883585688938571,0.0960281591066343,0.0501819220561094
"111",0.366666666666667,-0.328395735725386,-0.663974478290033,0.556244508930549,0.401057331314043,0.843097340179604,-0.986463626408039,-0.258680869934909,-0.087828923921657,-0.922802311797958,0.184259770982352,0.135546878942875
"112",0.37,-0.28411217442493,-0.733176922556734,0.561026957562407,0.393525958786964,0.879972306188624,-1.02104755815499,-0.228646816696746,-0.0210669579113362,-0.956977292327806,0.272308904742919,0.219999834151111
"113",0.373333333333333,-0.237181959481058,-0.797690066868476,0.560614116283653,0.385732255567476,0.915896023616689,-1.05025440678315,-0.197873184111315,0.0475587575086351,-0.984871676934226,0.358674257702243,0.301948184458716
"114",0.376666666666667,-0.188256391222185,-0.856697114167991,0.554435258378016,0.377865496400597,0.950741865584385,-1.07412023638177,-0.166254262678429,0.117014218683462,-1.00529782114817,0.441867030639515,0.379921152342656
"115",0.38,-0.137971854483317,-0.909530637886982,0.542036477506118,0.369985638137761,0.984442813228451,-1.09278826812226,-0.133663177511606,0.186227784842231,-1.01715652196945,0.520445394140939,0.452601648606034
"116",0.383333333333333,-0.0869432894432894,-0.955685771269084,0.523093144737198,0.362033790693959,1.01700845008833,-1.10649865068542,-0.0999766911400338,0.254115477125434,-1.01947335097305,0.593050368963766,0.518852267669104
"117",0.386666666666667,-0.0357584343825621,-0.994828015901878,0.497418755655764,0.35384867476282,1.04853808970176,-1.11557408172914,-0.0650994652782862,0.319606995898401,-1.01143177992323,0.658441992135951,0.577735363363913
"118",0.39,0.0150271671509281,-1.02679634549416,0.464971211224396,0.345185749353345,1.07923011327994,-1.12040206671394,-0.0289855962377227,0.381672207790634,-0.992402508559985,0.715534974144186,0.628526467821347
"119",0.393333333333333,0.0648944103316092,-1.05160163709032,0.425854996538175,0.335739729754814,1.10938543473579,-1.12141511350035,0.00834305904530476,0.439346048116284,-0.961967975778398,0.763431677236259,0.670721584430613
"120",0.396666666666667,0.113364146300937,-1.06942118370931,0.380321188588733,0.32516786746758,1.13940521171102,-1.11906945905981,0.0467834575663492,0.491752063685288,-0.919941112235385,0.801451911082709,0.704038371284829
"121",0.4,0.16,-1.08058952855307,0.328763826909649,0.313113452603454,1.16978260168663,-1.11382389370658,0.0861434306386952,0.538123130601841,-0.866378008997413,0.829157177755631,0.728411628048521
"122",0.403333333333333,0.204410520050512,-1.0855863247328,0.271714214531323,0.299228163621639,1.20108849901159,-1.10611981920883,0.1261395781989,0.577818682532233,-0.801583699990466,0.84636853896595,0.743983596091536
"123",0.406666666666667,0.246250695338797,-1.08502158392436,0.209832596378258,0.283192520759976,1.23395143984237,-1.09636294544019,0.16640122465566,0.610338199118138,-0.726111379403158,0.85317677089023,0.751089883553928
"124",0.41,0.285222875369523,-1.07961874968805,0.14389768937406,0.264733346415493,1.26903336806298,-1.08490836024775,0.206480431162086,0.635330690038544,-0.640754899941976,0.849943939953442,0.750241527434204
"125",0.413333333333333,0.321077133215958,-1.07019626317579,0.0747945269899114,0.243637969012829,1.30700175930066,-1.07204896675941,0.245867003933152,0.652599705990896,-0.546534874923186,0.837295782253615,0.74210398930547
"126",0.416666666666667,0.353611111111111,-1.0576474134457,0.00350037665316051,0.219764691718144,1.34849968318531,-1.05800799509967,0.284008137383728,0.662103832817306,-0.444678902051849,0.816104665054882,0.727473870538502
"127",0.42,0.382669389490621,-1.04291954452747,-0.0689307615961752,0.193049507194252,1.39411534006847,-1.04293567029333,0.320331323562728,0.663953529067987,-0.336596676685187,0.787463890999906,0.707253880586859
"128",0.423333333333333,0.408142420688909,-1.02699215689223,-0.141385049029219,0.163509061046809,1.44435265325903,-1.02690994101534,0.354269229870288,0.658403471999154,-0.223850519897133,0.752653388107003,0.682426759127823
"129",0.426666666666667,0.42996506856581,-1.01085505693644,-0.212707432299163,0.13124032556197,1.49960433272192,-1.00994110979358,0.385285240748163,0.645842080879196,-0.108122724727106,0.713098537313874,0.654028929710337
"130",0.43,0.448114795150621,-0.995486127162258,-0.281721290440827,0.0964169963779075,1.56012911108532,-0.991979481610166,0.412898293945079,0.626777632567817,0.00882004045164375,0.670323186750367,0.623123960448476
"131",0.433333333333333,0.462609534973122,-0.981829672020804,-0.347249794289102,0.0592836142372027,1.62603358278745,-0.972925958187286,0.436705366197965,0.60182208236156,0.125163588414038,0.625899055201819,0.590776714014115
"132",0.436666666666667,0.473505297137106,-0.970775631430548,-0.408138302537185,0.0201474162838856,1.69726031903679,-0.952644048563826,0.456400760981943,0.571673149595052,0.239083895695814,0.581393231910276,0.558028468833943
"133",0.44,0.480893534405254,-0.963140014992297,-0.463278290323028,-0.0206311360068748,1.77358224312577,-0.9309733782243,0.47179083018287,0.537095109940753,0.348784539852292,0.538316014174825,0.525873133143891
"134",0.443333333333333,0.4848983176234,-0.959647417104152,-0.511631726504734,-0.0626488771425756,1.85460333678063,-0.907742816812031,0.482803430389688,0.498898874738735,0.452532945430934,0.498071133911036,0.495235263366065
"135",0.446666666666667,0.485673352731989,-0.960915599961339,-0.55225668517082,-0.105471014909957,1.93976594071527,-0.882783701134632,0.489491846403865,0.457922059227552,0.548695103864736,0.461910522473344,0.466949976422507
"136",0.45,0.483398876404494,-0.967443274798717,-0.584332888711189,-0.148642318482612,2.02836357669016,-0.855941601000724,0.49203255010264,0.415009460485729,0.635767620682664,0.430894978450277,0.441744977421125
"137",0.453333333333333,0.478278465026297,-0.979600979811212,-0.607186439606295,-0.191697996045499,2.11955868082253,-0.82708636234468,0.490717475174644,0.370994329207198,0.712407378150436,0.405862716165951,0.420225311258234
"138",0.456666666666667,0.470535790291197,-0.997625911134787,-0.620313866886818,-0.234174485713133,2.21240461969807,-0.79612053754417,0.485940683749999,0.326681045682789,0.777457405901567,0.387406627733359,0.402860811111535
"139",0.46,0.460411353153818,-1.0216201830392,-0.623403613218325,-0.275619187273251,2.3058700309374,-0.762985440241071,0.478180617626915,0.282829385326317,0.829969761492959,0.375860718950405,0.389976607878369
"140",0.463333333333333,0.448159226241571,-1.05155344024545,-0.616354595829725,-0.315599678810867,2.39886480495119,-0.727665125151578,0.467978631514792,0.240140659105755,0.8692244671935,0.37129665183655,0.38174726485024
"141",0.466666666666667,0.434043833106855,-1.08726882740006,-0.599290734323033,-0.353711909038872,2.49026675552969,-0.690188560873153,0.455914938111695,0.199246196486868,0.89474459803773,0.373529466047806,0.378194143881037
"142",0.47,0.418336790895877,-1.1284928216112,-0.572569987818331,-0.389587587213811,2.57894740149691,-0.650629517456599,0.442583103760591,0.160698018767524,0.906307557195199,0.382132364838494,0.3791869349462
"143",0.473333333333333,0.401313841132894,-1.17484755152312,-0.536787964408354,-0.422900224314418,2.66379636716585,-0.609105613797983,0.428564737036083,0.124962123534419,0.903952244591565,0.396459610998909,0.38444875085591
"144",0.476666666666667,0.383251891375966,-1.22586559863892,-0.492774434823093,-0.453370291890929,2.74374347381074,-0.565775311991142,0.414404939229502,0.0924141861320578,0.887982178160472,0.415676004022194,0.393565287864317
"145",0.48,0.364426188501567,-1.28100618429817,-0.441583004285488,-0.480768986621962,2.81777845154997,-0.52083467568056,0.400590432397316,0.0633380257873646,0.858964486252826,0.438791828360336,0.405997742579564
"146",0.483333333333333,0.34510764233014,-1.33967185596241,-0.384472953227775,-0.504920706380451,2.88496779974159,-0.474512917517839,0.387530603271063,0.0379263589823659,0.817724689737654,0.464701654338482,0.421099026479217
"147",0.486666666666667,0.325560316223163,-1.40122458832767,-0.322884504963774,-0.525704136322606,2.9444687757586,-0.427067609221934,0.37554303694821,0.0162843271888755,0.765337072877021,0.492225033365167,0.438133415944303
"148",0.49,0.306039099175262,-1.46500122942193,-0.258406267506768,-0.543051932750635,2.99554118398024,-0.378779377429682,0.364843458030349,-0.00156501338485354,0.703110713108734,0.520147813937248,0.456298585075655
"149",0.493333333333333,0.286787571803608,-1.53032580328724,-0.19273757706509,-0.556948950765767,3.03755644806028,-0.329946265601245,0.355540874952675,-0.01567298937928,0.632571159589013,0.54726243690538,0.474749659147646
"150",0.496666666666667,0.26803607651295,-1.59652030440292,-0.127644867709266,-0.567428968485517,3.07000549473674,-0.280877635535217,0.347637902857975,-0.026155801352257,0.555437309980895,0.572405787847506,0.492624449266218
"151",0.5,0.25,-1.66291124629525,-0.0649150995035916,-0.574570375972273,3.09250479447312,-0.231887711292955,0.341035924307926,-0.0331836050144117,0.473594307100854,0.594493445650821,0.509068989708697
"152",0.503333333333333,0.232878274167701,-1.72883369207257,-0.00630609914521474,-0.578490432842885,3.10480143606249,-0.183288614106094,0.335545006052165,-0.0369684569267487,0.389061563650478,0.612549510822421,0.52326268802528
"153",0.506666666666667,0.216852099460182,-1.7936314196615,0.0465027877067349,-0.579338817006467,3.10677763261686,-0.135383045212804,0.330897818605719,-0.0377517004496798,0.303957277630053,0.625731040375527,0.534441914917739
"154",0.51,0.202083892615097,-1.85665437472867,0.0919596589037823,-0.577290616925473,3.09845409817236,-0.0884563290175766,0.326766737041572,-0.0357911589958152,0.220458698231124,0.633347022283688,0.541921706968398
"155",0.513333333333333,0.188716458873333,-1.91725393692695,0.12868549485806,-0.572539133504268,3.07999318589212,-0.042768542213348,0.322783355874942,-0.0313484714637287,0.140759704470392,0.634871429797591,0.545114040331443
"156",0.516666666666667,0.176872386798327,-1.97477624347745,0.155515903562275,-0.565288693678614,3.05170051114921,0.00145362074118053,0.318559466218742,-0.0246775829981173,0.0670255734004911,0.629950431512018,0.54354319090341
"157",0.52,0.166653662049479,-2.0285551285674,0.171536160193837,-0.555748484687289,3.01402564828151,0.0440244804086241,0.313708203992552,-0.0160143229127371,0.00134623278370949,0.618404191887418,0.536856648041933
"158",0.523333333333333,0.158141494737017,-2.07790567873164,0.176109686014569,-0.544126894041479,2.96756060837697,0.0848063166455397,0.30786485396838,-0.00556755959464672,-0.0543111447066111,0.600223451245309,0.524832287397327
"159",0.526666666666667,0.151396353368919,-2.12211888261668,0.16889819386422,-0.530627637315414,2.91303617741215,0.123714955923913,0.300706213599533,0.00648714932805244,-0.0981489705123532,0.575561671320892,0.507380989887113
"160",0.53,0.146458196893288,-2.16045898696169,0.149873022469277,-0.515447231858128,2.85131503036408,0.160723507274233,0.291967372590277,0.020011642327974,-0.128584423989022,0.544723037818907,0.48454543048809
"161",0.533333333333333,0.143346894950238,-2.19216429132373,0.119317349851443,-0.498774449074088,2.78338161760103,0.195863649739184,0.281455839314305,0.0349067881581954,-0.144291538972999,0.50814775306038,0.456495132203729
"162",0.536666666666667,0.142062825183092,-2.21645145331432,0.0778192572096014,-0.480791276100293,2.71032783193888,0.229224160949598,0.269062134658867,0.0511109852740871,-0.14423882783076,0.46639454417415,0.423518151183156
"163",0.54,0.142587635326029,-2.23252450601094,0.0262557745462574,-0.461675957603073,2.63333464634078,0.260946064789075,0.254766615586289,0.0685962973073261,-0.127721242724441,0.420121813729244,0.386010327964732
"164",0.543333333333333,0.144885156789435,-2.23958790454058,-0.0342314307340483,-0.441607250573809,2.55364976306732,0.291214223311309,0.238642476121923,0.0873619361732352,-0.0943851358204782,0.370067843394451,0.344462474689647
"165",0.546666666666667,0.148902455609404,-2.23686358756364,-0.102268090589874,-0.420769724087523,2.47256085231236,0.320245657662562,0.220854822939733,0.107425669376173,-0.0442452116804666,0.317030946027107,0.29944630422228
"166",0.55,0.15457100591716,-2.22361166439421,-0.176285799314612,-0.399359870628307,2.39136571576084,0.348274432363969,0.201656258599859,0.128813448662764,0.0223075478169379,0.261849857523261,0.251599889580859
"167",0.553333333333333,0.161807970519615,-2.19915338341964,-0.254566021223125,-0.377591888143761,2.31133934117451,0.375533621719697,0.18137897440734,0.151547949721357,0.104507458217032,0.20538535818946,0.201612930342442
"168",0.556666666666667,0.17051757276454,-2.16289606609575,-0.335287961753159,-0.355703209675074,2.23369937302022,0.40223540357694,0.160424144951297,0.175636690453062,0.201225665731765,0.148503149748779,0.150212768132021
"169",0.56,0.180592543592645,-2.11435814198749,-0.416579019857841,-0.333958369189789,2.15957070492316,0.428549789218881,0.13924889439986,0.201060359983259,0.3109917443996,0.0920583634938094,0.0981511038376924
"170",0.563333333333333,0.191915627552657,-2.05319313524053,-0.496566126686511,-0.31265141911429,2.08995076243738,0.454583418534496,0.118351507019771,0.227762479386578,0.432024704287357,0.0368819398820918,0.0461919105971956
"171",0.566666666666667,0.204361131571567,-1.97921220890235,-0.573426680842896,-0.292105665783063,2.02567692336895,0.480359282772354,0.0982554441512797,0.255640525750257,0.562273002042418,-0.0162309167605753,-0.00489952948138589
"172",0.57,0.217796500426956,-1.89240262776592,-0.645436920976635,-0.27267097112964,1.96739689088772,0.505799396117087,0.079492860529147,0.28453975607449,0.699462187480236,-0.0665307308732629,-0.0543663697471569
"173",0.573333333333333,0.232083903156826,-1.79294277500683,-0.711017147711654,-0.254717998806758,1.91554423210094,0.530710707197923,0.0625877983167334,0.31425022406308,0.841149138454869,-0.113321767551878,-0.101469106838205
"174",0.576666666666667,0.247081815058904,-1.68121178143165,-0.768771454195046,-0.238629700533549,1.87031953988229,0.554776292409707,0.0480398854157966,0.344506677556701,0.984780727574695,-0.155968762644454,-0.145493729200243
"175",0.58,0.262646580469224,-1.55779388138981,-0.817521409166874,-0.224790039594787,1.83167856885831,0.577552404921719,0.0363091751118971,0.374992918436985,1.12775533036562,-0.193902192356898,-0.185759478759162
"176",0.583333333333333,0.278633942161339,-1.42347715654265,-0.856332435087273,-0.213570644691101,1.79932813239951,0.598472151094874,0.0278018203808721,0.405349118712812,1.2674851161022,-0.22662261292498,-0.221626529931838
"177",0.586666666666667,0.294900523964399,-1.27924625270687,-0.884532152656536,-0.205315574053183,1.77273009227221,0.616856229965145,0.022857545379517,0.435182707702579,1.40145676635038,-0.253704363252617,-0.252503827697788
"178",0.59,0.311305254051373,-1.12627010280925,-0.901719934355092,-0.200325538366714,1.75111378634922,0.63193096945874,0.02173896361014,0.464082219759445,1.52728879343046,-0.274798626067962,-0.27785723729472
"179",0.593333333333333,0.327710717288333,-0.965884087089633,-0.907768044999895,-0.19884182758866,1.733496638831,0.642852942663231,0.024623043323271,0.491633231976413,1.64278373218288,-0.28963612712744,-0.297218280507054
"180",0.596666666666667,0.343984426051475,-0.799568135759834,-0.90281361684181,-0.201031333739021,1.71871244051164,0.648739929197463,0.0315947349793687,0.517435347777997,1.74597291901399,-0.298029553812751,-0.310193018922609
"181",0.6,0.36,-0.628920760030451,-0.887242897311424,-0.206973463342016,1.70544666104916,0.648706474577049,0.0426431578630714,0.541119651618266,1.83515343835028,-0.299875658508191,-0.31647150340559
"182",0.603333333333333,0.375638246428807,-0.455630271494388,-0.861667530678709,-0.216649585705215,1.69227749896689,0.641903467617836,0.057660397009379,0.562365022198166,1.90891575404111,-0.295157004356473,-0.315836920013254
"183",0.606666666666667,0.390788134004155,-0.281443751270205,-0.826894453301775,-0.229936112158806,1.67772135350863,0.627559164076732,0.0764428278270579,0.580912454478633,1.96616142877435,-0.283943018279346,-0.308174484768952
"184",0.61,0.405347653896426,-0.108134590469459,-0.783890612552565,-0.246601425577115,1.66028142603246,0.605020596580735,0.0986951735248263,0.596576297231935,2.00611154819254,-0.266390518005929,-0.293479286003476
"185",0.613333333333333,0.419224563555523,0.0625304530806487,-0.73374385768449,-0.266307247997116,1.63849725770828,0.573792754595346,0.12403728960406,0.609251487874362,2.02830571295572,-0.242742927130126,-0.271862816639557
"186",0.616666666666667,0.43233700961489,0.228823785948148,-0.677621478311971,-0.288614411175106,1.61099413016443,0.533574222762842,0.152013415611181,0.618916052475094,2.03259280467775,-0.213328598817727,-0.243557570360491
"187",0.62,0.444614027648385,0.389088599370086,-0.616728550382213,-0.31299306494955,1.57652976753083,0.484286935206533,0.18210376587283,0.625628973611798,2.01911413553725,-0.178557358065011,-0.208918896183418
"188",0.623333333333333,0.455995917729306,0.541768782521179,-0.552266876758058,-0.338836638001934,1.53403718481556,0.426099021181564,0.213738334121186,0.629522314039585,1.98828131530578,-0.138915605367223,-0.16842440747409
"189",0.626666666666667,0.466434495942249,0.685435847172142,-0.485397087944131,-0.365479455828601,1.48266214105224,0.359438999438253,0.246312489349362,0.630789411366566,1.94074960287546,-0.0949597956561907,-0.122669781197386
"190",0.63,0.475893223165809,0.818813288866288,-0.417204759072073,-0.39221677531084,1.42179316996897,0.285000850866904,0.279203686212913,0.629668510920766,1.87738872673141,-0.0473081535536151,-0.0723614087234598
"191",0.633333333333333,0.484347213567967,0.940796437146234,-0.348671677731734,-0.4183267431131,1.35108404111015,0.203739216838384,0.311789258669206,0.626423565094239,1.79925262220515,0.00336912129157851,-0.0183053596740378
"192",0.636666666666667,0.49178312632706,1.05046877652734,-0.280653630939547,-0.443093038657987,1.27046687523796,0.11685499531671,0.343464234927784,0.621323310178451,1.70754980017824,0.0563609202265193,0.0386068622656045
"193",0.64,0.498198945101277,1.14711288880812,-0.213865193696605,-0.465827446971094,1.18015621588678,0.0257716650073018,0.373658639784614,0.614620012722833,1.60361494302618,0.110927312351549,0.0974157048498855
"194",0.643333333333333,0.503603650710829,1.23021664412888,-0.148871545902073,-0.485891404430563,1.08064339120122,-0.0678967185369449,0.401854019137342,0.606529588185146,1.48888330445529,0.166312387480182,0.157113689841698
"195",0.646666666666667,0.508016793362524,1.29947468873442,-0.0860879755177656,-0.50271535925749,0.97268170568185,-0.162384551583665,0.427597784224013,0.597214424364555,1.36486774003408,0.221757196129324,0.216667647085486
"196",0.65,0.511467971530249,1.35478427917932,-0.0257859784782294,-0.515815808548474,0.857263058590943,-0.255819261672968,0.450515514578515,0.586770627912348,1.23313921172476,0.276512848953962,0.275042498320829
"197",0.653333333333333,0.513996225301703,1.39623698142008,0.0318941283859593,-0.524808788966849,0.735586874560462,-0.346269324325669,0.470320077343228,0.575220637031703,1.09531014253352,0.329852959614226,0.33122587665155
"198",0.656666666666667,0.515649352607216,1.42410596870048,0.0869250606279385,-0.529419998661275,0.609022496993885,-0.431794355853784,0.486817691768543,0.562512092157721,0.953020358643428,0.381085456083449,0.384252852780017
"199",0.66,0.516483157257378,1.43882970261152,0.139370345084022,-0.529490881298672,0.479066778438708,-0.510494791967043,0.499910023462976,0.548523319577602,0.807925091032769,0.429563415859817,0.433229968507592
"200",0.663333333333333,0.516560638129831,1.44099320077863,0.189358930769399,-0.524980903629237,0.347298021171909,-0.580559926606763,0.509592884043112,0.533075569980757,0.661684089470027,0.474694794802521,0.477357724529622
"201",0.666666666666667,0.515951129160591,1.43130738849588,0.237058163769258,-0.515966130415997,0.215328704151742,-0.640311970525648,0.515951126050305,0.515951133037034,0.515951127448388,0.515951123914971,0.515951129614158
"202",0.67,0.514729400010981,1.41058761680083,0.282646547747192,-0.502634054628069,0.0847581174715448,-0.688245600630429,0.519150058514925,0.496916575132834,0.372362889890633,0.552874930354773,0.548457287964996
"203",0.673333333333333,0.512974727397976,1.37973290896166,0.326287726885321,-0.485275722246548,-0.0428732101477508,-0.723061210130159,0.519424189732274,0.475749619306563,0.232526864982228,0.585086224210428,0.574469689979992
"204",0.676666666666667,0.510769947094799,1.33970567217436,0.368106906163206,-0.464274849674006,-0.166125242122688,-0.743691734356903,0.517063345508224,0.452267794969745,0.0980074256680698,0.612288100451513,0.59373872415886
"205",0.68,0.508200496531953,1.2915140904499,0.408170893156732,-0.440095066267116,-0.283695882569385,-0.749322234199469,0.512397490365025,0.426356983747686,-0.0296900386942776,0.634271345549157,0.60617785039761
"206",0.683333333333333,0.505353457759569,1.23619643167991,0.446472790235915,-0.413265529819644,-0.39445193375939,-0.739402681300024,0.505780581571362,0.397997978834601,-0.149137019761077,0.650918256975669,0.611865579771727
"207",0.686666666666667,0.502316610273634,1.1748084314299,0.482922010159089,-0.38436565411795,-0.497453338930609,-0.71365376723089,0.497574843417838,0.36728862000157,-0.259001511457804,0.662205806681283,0.611042656682385
"208",0.69,0.499177502865855,1.10841357390955,0.517340233638228,-0.354009491280253,-0.591970097775423,-0.672066586413542,0.488135787628417,0.33446050607341,-0.358069080098515,0.668207582444765,0.604105058259616
"209",0.693333333333333,0.496022553234805,1.03807580327812,0.549463086084587,-0.322830073454362,-0.677491191564565,-0.614896697042854,0.477799493918685,0.299887902265589,-0.445264297397404,0.669095013905533,0.59159226695846
"210",0.696666666666667,0.492936183600283,0.964854498815808,0.578948062008724,-0.291464456067591,-0.753726135645955,-0.542653286582396,0.466872219031616,0.264088894118068,-0.519672230299163,0.665136930666982,0.574171958769429
"211",0.7,0.49,0.889801191749747,0.605387601847912,-0.260539701789593,-0.820599023867788,-0.456084425250737,0.455623383476345,0.227717307126708,-0.580558379215897,0.656697801017233,0.552620761970111
"212",0.703333333333333,0.487292022324493,0.813956651718231,0.628327411029673,-0.230660040632652,-0.878236103272227,-0.356158854214181,0.444281952256119,0.19154652162038,-0.627386844848173,0.644233713307209,0.527802191598753
"213",0.706666666666667,0.484885971469927,0.738348210025356,0.647288426553953,-0.202395620157686,-0.926947279617842,-0.244045325161388,0.433036726977676,0.156444790503116,-0.659834972801535,0.628286301375494,0.500642231801714
"214",0.71,0.482850619266768,0.663986088904996,0.661791828370029,-0.176272701091371,-0.967203050075793,-0.121089678711509,0.422040095066367,0.1233441960375,-0.67780438079971,0.609474061361517,0.472103377240994
"215",0.713333333333333,0.481249206083092,0.591858325861845,0.671385414685029,-0.152765712848966,-0.999607654242079,0.0112095064816644,0.411415100772334,0.093204092323916,-0.681427104017594,0.588480821941612,0.443158035721351
"216",0.716666666666667,0.480138930212569,0.522923348772393,0.675670581423365,-0.132290916834996,-1.02486973243348,0.151226865049743,0.401265445778494,0.0669715844390272,-0.671066668393994,0.56604166299645,0.414762108583036
"217",0.72,0.479570512347236,0.458100812792124,0.67432783227077,-0.115201624818108,-1.04377162469553,0.297236917549856,0.391687310775298,0.0455407933815508,-0.64731388001654,0.542926181726818,0.387829727842315
"218",0.723333333333333,0.479587837612095,0.398259522437857,0.66713977827821,-0.101785007002478,-1.05713879540733,0.447441769418286,0.382782444807406,0.0297134719929051,-0.610977030626898,0.519919237841097,0.363209886444188
"219",0.726666666666667,0.480227676810691,0.344203816038566,0.654010672052258,-0.0922604348024201,-1.06580983366438,0.599999575846167,0.374671525068596,0.0201630924241225,-0.563066806043816,0.497800073857014,0.341666094034946
"220",0.73,0.481519487706093,0.296658498802497,0.634980624730042,-0.0867788231165419,-1.07060865592391,0.753053044423188,0.367506659645205,0.0174040225701534,-0.504776091299548,0.477320281785991,0.323859078591635
"221",0.733333333333333,0.483485296347993,0.256252819857995,0.610234423043844,-0.0854234649903869,-1.07231893380471,0.904758500051188,0.361482096854427,0.0217680275282678,-0.437455638550231,0.459181165314366,0.310333765172643
"222",0.736666666666667,0.486139657661596,0.223505156154225,0.580103836968923,-0.0882116893125622,-1.071662375605,1.05331416549259,0.356842452629554,0.0333889383633651,-0.362585496640886,0.444011915081836,0.301510512898476
"223",0.74,0.489489693744797,0.198808421789134,0.545063308854632,-0.0950976490486882,-1.06928007203972,1.19698796953619,0.353887397299125,0.0521961799369537,-0.281743633637542,0.432349030607256,0.297680732451207
"224",0.743333333333333,0.493535207583754,0.182418500151783,0.505719105860873,-0.105975967018231,-1.06571834544103,1.33414356006157,0.352972446482858,0.07791767631111,-0.196572073625047,0.424618236303567,0.299007023913569
"225",0.746666666666667,0.498268869199765,0.174444979165059,0.462792252059384,-0.120686335540854,-1.06141832630505,1.46326432351833,0.354505442939319,0.110091436339812,-0.108741547272196,0.421119667679937,0.305527451096882
"226",0.75,0.503676470588235,0.174846559298273,0.417096001941523,-0.139018901590674,-1.05670992570763,1.58297451104371,0.358938631358651,0.148085323026231,-0.0199154005642667,0.422017264331779,0.317163529417105
"227",0.753333333333333,0.509737245208886,0.183430358055755,0.369509041700092,-0.160720566148913,-1.05180978522506,1.69205661647345,0.366756289821318,0.191123573722356,0.0682862439874191,0.427332499439628,0.333731426592489
"228",0.756666666666667,0.516424247239932,0.199856157804823,0.320945257449606,-0.185502138943277,-1.04682266008222,1.78946486148685,0.378458642760166,0.238318646826957,0.154321637322343,0.436943501410396,0.354955604116487
"229",0.76,0.523704785321927,0.223644856025006,0.272322062257501,-0.213046200548685,-1.0417467722169,1.87433377116135,0.394542179103878,0.288706525246985,0.236760677560913,0.450589187327212,0.380484102155858
"230",0.763333333333333,0.531540905092811,0.254191395825887,0.224528467406398,-0.243015636567115,-1.03648192345088,1.94598195607541,0.415477475000747,0.341283713099607,0.314315643684568,0.467878699254222,0.4099047152471
"231",0.766666666666667,0.539889914457183,0.290780967731313,0.178394599678585,-0.275062810562631,-1.03084074920466,2.00391129491404,0.441685448168877,0.395043755486133,0.385869058055229,0.488305526463718,0.442761261847776
"232",0.77,0.548704945242169,0.332607985949104,0.134663906121336,-0.308838944640014,-1.02456205345744,2.04780114162693,0.473512734468809,0.449012118802412,0.450497171592219,0.511266302140874,0.478569144848378
"233",0.773333333333333,0.557935544670787,0.378796596948137,0.0939698225565335,-0.344003673145364,-1.01732635302073,2.07749883704854,0.511207818062344,0.502277095552584,0.507489108789096,0.536082882038814,0.516829833889025
"234",0.776666666666667,0.56752828993224,0.428422091800319,0.0568176027773185,-0.380234351485381,-1.00877291727215,2.09300668808497,0.554898573987064,0.554016154607068,0.556360698968305,0.562027506339551,0.55704344092898
"235",0.78,0.577427419047062,0.480531468719527,0.0235720935451414,-0.417234710059878,-0.998517926004733,2.09446700911678,0.604572693670255,0.603516593697989,0.596862475036022,0.588349518709596,0.598719562815316
"236",0.783333333333333,0.58757547121294,0.534163035719739,-0.00554784392571461,-0.454742805786288,-0.986173223665292,2.08214583023489,0.66006167224334,0.650189794287112,0.62898133859975,0.614303044524634,0.641385572242884
"237",0.786666666666667,0.597913929872896,0.588363812661927,-0.0304686988085503,-0.492537354606209,-0.971365256976861,2.05641634945639,0.721029566637568,0.693579201126972,0.652935798439425,0.639174056011985,0.684593030808365
"238",0.79,0.608383861869612,0.642204245733507,-0.0512551923354937,-0.530442780600441,-0.953753725640903,2.01774420087037,0.7869670072321,0.733362008713872,0.669164431490932,0.662306213619935,0.727921904390872
"239",0.793333333333333,0.618926546235165,0.694790277562084,-0.0680977938089721,-0.568332228479079,-0.933049095867149,1.96667408882935,0.85719114504483,0.769345105171446,0.678307853032995,0.683124155365456,0.770982887790031
"240",0.796666666666667,0.629484086411539,0.74527253478496,-0.0812956347833354,-0.60612840856671,-0.909028905019985,1.90381982734397,0.93085188781045,0.801456032428636,0.681184285940776,0.70115342873732,0.813418233654462
"241",0.8,0.64,0.792852914381901,-0.0912360043556511,-0.643802432156101,-0.881551795889445,1.82985744650257,1.00694436663881,0.829729676595886,0.678759593909187,0.716036379539324,0.854901200198704
"242",0.803333333333333,0.650419780492926,0.836789222894355,-0.098371529336956,-0.681370332073384,-0.850569307763743,1.74552235048381,1.08432764205274,0.854292068707694,0.672112265705213,0.727543176957026,0.895134653542637
"243",0.806666666666667,0.660691425845154,0.876398485644525,-0.10319691824064,-0.718887589471663,-0.816134358898903,1.65160923606138,1.16174902019182,0.875341939232007,0.662394796133614,0.735577839041958,0.933848781859223
"244",0.81,0.670765929188575,0.911059144045499,-0.106225927279405,-0.756441644347293,-0.778406449345508,1.54897552913568,1.23787347771167,0.893131340130666,0.650792337865351,0.740178820521683,0.970798434108558
"245",0.813333333333333,0.680597727478157,0.940213816789954,-0.107970148786839,-0.794143161684657,-0.737653209009998,1.43854665900354,1.31131740498195,0.907945987609317,0.638480416356061,0.741514366674668,1.00576003685006
"246",0.816666666666667,0.690145104374327,0.963372270881236,-0.108920468414486,-0.832115741708344,-0.694247959834093,1.32132250320199,1.38068523611467,0.920086911746391,0.626582866727931,0.739872721646479,1.03852813890725
"247",0.82,0.699370544209882,0.980115748334077,-0.109531932678982,-0.870485163072178,-0.648663174608515,1.19838362317572,1.44460792344596,0.929852870191155,0.616131961114435,0.735647778374226,1.06891172378713
"248",0.823333333333333,0.708241034453414,0.990102536195445,-0.110212555394853,-0.909368225596801,-0.601460703159405,1.07089611710302,1.50178198677225,0.937525526157134,0.608031862432518,0.729320803345659,1.09673007870836
"249",0.826666666666667,0.716728314659647,0.993074927906884,-0.111315847244386,-0.948861846481878,-0.553277650035784,0.940113810921973,1.55100764930788,0.943356910740561,0.603027137888474,0.721438938955103,1.12180858132307
"250",0.83,0.724809070483939,0.988867416434659,-0.113137496425061,-0.989032666606017,-0.504809975174149,0.807376390582891,1.59122422208574,0.947559781588601,0.601677314317348,0.712591707618521,1.14397378077188
"251",0.833333333333333,0.732465071927664,0.977415474549267,-0.115915077837643,-1.02990779597612,-0.456793117252179,0.674102848347668,1.62154227763499,0.950301224633752,0.604338479840205,0.703386211278684,1.16304856892632
"252",0.836666666666667,0.739683255567099,0.958764480993223,-0.119830897968832,-1.07146678310163,-0.409981345612275,0.541779429012587,1.6412702335871,0.951699321738374,0.611153067608538,0.694422516102443,1.17884696027398
"253",0.84,0.746455751095228,0.933077408885754,-0.125016387350167,-1.11363535944244,-0.36512564457078,0.411941879367433,1.64993546901704,0.951823295611552,0.622047304993093,0.686270122767374,1.19116923545219
"254",0.843333333333333,0.752779853067788,0.9006412337627,-0.131558025274004,-1.15628094437202,-0.322952202880991,0.286151691104787,1.64729811164325,0.950696624735022,0.636737155390869,0.679446344044631,1.1997974623509
"255",0.846666666666667,0.75865793928667,0.86187022123232,-0.139503177417265,-1.19921011202423,-0.284141293278432,0.165967528301758,1.63335794026857,0.94830332524297,0.654742174777309,0.674398071887594,1.20449193577999
"256",0.85,0.764097337770383,0.81730605017978,-0.148865630798482,-1.24216829204301,-0.249308135281451,0.0529120946890237,1.60835326685492,0.944597019154049,0.675406220909638,0.671487037086587,1.20498928517008
"257",0.853333333333333,0.769110144747951,0.767613659823442,-0.159630016111066,-1.28484145992897,-0.218986115665442,-0.0515642918187059,1.57275278647188,0.939512231750752,0.697925041145938,0.670979669151514,1.20100233693927
"258",0.856666666666667,0.773712996565128,0.71357265674073,-0.171754433595335,-1.32686016965269,-0.193613321885218,-0.146121465722064,1.52724019462713,0.932977952887234,0.721378364735813,0.673041310392604,1.19222269968951
"259",0.86,0.777926798806143,0.656064409313931,-0.185171688687807,-1.36780541553529,-0.173522637225888,-0.229567639655352,1.47269265103227,0.924932529552825,0.744766078484759,0.677735526651424,1.17832631785301
"260",0.863333333333333,0.781776416306986,0.596054270841042,-0.199788376684367,-1.4072168045609,-0.15893573798208,-0.300895615719893,1.41015399868987,0.915339073046073,0.767046880338913,0.685027608620267,1.15898230703413
"261",0.866666666666667,0.78529032806454,0.534570853197492,-0.21548286057019,-1.4446025685005,-0.149961590012144,-0.359315910176852,1.34080384767683,0.904201200939422,0.787177410547807,0.694792425931639,1.13386526368212
"262",0.87,0.788500251327064,0.472681683147285,-0.232101975604979,-1.47945129550645,-0.146598749245984,-0.404284373667617,1.26592397037719,0.891577620417491,0.804150961849785,0.706825677043164,1.10267100526708
"263",0.873333333333333,0.79144073938384,0.411467482216382,-0.249457587362036,-1.51124538124423,-0.148741579116651,-0.435523933919825,1.18686332253302,0.877595274131135,0.817034016993665,0.720857757024922,1.06513519885766
"264",0.876666666666667,0.794148757753664,0.351995832668443,-0.267323257602632,-1.53947562865084,-0.156190107178136,-0.453038164307985,1.1050029889403,0.862459545201226,0.824999571684187,0.736569546809557,1.02105462966988
"265",0.88,0.796663243602375,0.295295365169377,-0.285432311582114,-1.56365706440506,-0.168662588915172,-0.457117235826972,1.02172241291469,0.846461205602261,0.827356024912373,0.753608865325711,0.970309826129217
"266",0.883333333333333,0.799024653298524,0.242332177176837,-0.303477464677633,-1.58334505675348,-0.18581026666089,-0.448334259856491,0.938368059211573,0.829979165971378,0.823570799084084,0.771606845890466,0.91288825684637
"267",0.886666666666667,0.801274503043543,0.193989343190022,-0.321113058539773,-1.59815175698613,-0.207233657235023,-0.427533712577053,0.856225248767559,0.813478416369836,0.813288303991029,0.790193201871719,0.848906869952362
"268",0.89,0.803454907489232,0.151050571548639,-0.337960037191003,-1.60776193130138,-0.232499240745064,-0.395811153967068,0.776494044139121,0.797502871594077,0.796341396003868,0.809009680370714,0.778632258089327
"269",0.893333333333333,0.80560812118208,0.114188621158853,-0.353614236812265,-1.6119477030979,-0.261156017001722,-0.354485361751902,0.700269529788991,0.782663171215132,0.772756867748564,0.827721188888489,0.702497635635846
"270",0.896666666666667,0.807776087552534,0.0839588224898014,-0.367657437435637,-1.61058170660825,-0.292750796990433,-0.30506449439665,0.628526612564241,0.769619205575478,0.742754494711193,0.846023989808856,0.621114822976318
"271",0.9,0.81,0.0607979609468498,-0.379671479657054,-1.60364748746903,-0.32684186011033,-0.249206721153935,0.562109365839114,0.759058307385931,0.706740422249687,0.863651057203398,0.535280361302333
"272",0.903333333333333,0.812319879413501,0.045027675074341,-0.389254444815915,-1.59124739532375,-0.363009898823364,-0.188677713230278,0.501724739112295,0.751669528601986,0.665295231713427,0.880374487669847,0.445974878542692
"273",0.906666666666667,0.814774172216559,0.0368624139765407,-0.396038400795022,-1.57360645019527,-0.400866167882607,-0.125306127060814,0.44794003964192,0.748115120853003,0.619157376061684,0.896005333450352,0.354354921690206
"274",0.91,0.817399372736199,0.0364202913399083,-0.399707641659544,-1.55107260337919,-0.44005722458514,-0.0609385558143749,0.401183834721147,0.749000407387405,0.569202806065635,0.910391271280437,0.261737225551566
"275",0.913333333333333,0.82022967337367,0.0437365381904248,-0.400016385742463,-1.52411256254604,-0.480266268937754,0.00260392561587534,0.361749694538668,0.754843361796904,0.516421810128231,0.923412736089956,0.169575532644799
"276",0.916666666666667,0.823296645702306,0.058777559159455,-0.396804799245537,-1.49330351286801,-0.521211062322461,0.0635669179072658,0.329802261379064,0.766045320032554,0.461893607139446,0.934978190684302,0.0794304330438975
"277",0.92,0.826628955240149,0.0814552448655335,-0.390012440355708,-1.45932058637802,-0.562638749270136,0.120299998502684,0.305384889149889,0.782864274652259,0.40676011925676,0.945019145516556,-0.00706679058890214
"278",0.923333333333333,0.830252112245698,0.11163960871883,-0.379687710240087,-1.42292071241582,-0.604317958279718,0.171289501457887,0.28842875920316,0.805391902933335,0.352199243008864,0.953485876580567,-0.0882549644222717
"279",0.926666666666667,0.834188260468968,0.14916946505362,-0.365992935839222,-1.38492322682136,-0.646028898336777,0.215185984422362,0.278762885053978,0.833535867976077,0.299398678063032,0.960343968307715,-0.162487195186512
"280",0.93,0.838456005361417,0.193859883325144,-0.349204208660371,-1.34618822357107,-0.687552130707209,0.250826229883579,0.276124670568493,0.867008044210914,0.249531110704038,0.965572653598135,-0.228176466869709
"281",0.933333333333333,0.84307028281186,0.245506407172588,-0.329705797839667,-1.30759329477882,-0.728657070581721,0.277249579175094,0.280170943596949,0.905319362195503,0.203730955743231,0.969164854859315,-0.283841052409647
"282",0.936666666666667,0.848042269035794,0.30388539020487,-0.307978928201763,-1.27001002497037,-0.769090849400407,0.293708556704345,0.29048940257019,0.947782082019406,0.163073480428311,0.971129225787586,-0.328147983044689
"283",0.94,0.853379331807186,0.368751052001909,-0.284585402458261,-1.23428098157379,-0.808568969236168,0.299674659119552,0.30661020404796,0.993519218796808,0.128556206204118,0.971494058986506,-0.359952858255171
"284",0.943333333333333,0.859085022789124,0.439829335142952,-0.26014656433622,-1.20119845698488,-0.846768289006328,0.294839241423694,0.328017765464962,1.04148089123828,0.101083429114384,0.970312865274673,-0.378334520047239
"285",0.946666666666667,0.865159110297246,0.516809561176275,-0.23531836438162,-1.17148573333513,-0.883323306552685,0.279110092693345,0.35416264395904,1.09046789934372,0.0814528663320883,0.967671183661247,-0.382623368438523
"286",0.95,0.871597651421508,0.599334334883183,-0.210763616778174,-1.1457815736882,-0.917826518375242,0.252604565998804,0.384473490020797,1.13916046113477,0.070345683653631,0.963694132189121,-0.372422602149634
"287",0.953333333333333,0.878393102041805,0.686989158563853,-0.187123057596321,-1.1246287397513,-0.949832882910121,0.215639488330839,0.418368815658301,1.18615237178506,0.0683186916889614,0.958554073776566,-0.3476214155683
"288",0.956666666666667,0.885534462904642,0.779292469902058,-0.164985906344191,-1.10846648609009,-0.978869113318221,0.168718564090216,0.455268565823116,1.2299889120679,0.0757991197631124,0.952477780265227,-0.308400103396951
"289",0.96,0.893007459585143,0.875687463176813,-0.14486202309954,-1.0976272862351,-1.00444738696442,0.112517421985421,0.494604987753779,1.26920699101651,0.0930816912831448,0.945752614265285,-0.255227322113152
"290",0.963333333333333,0.900794753844034,0.97553605618869,-0.127156546273054,-1.09233746017791,-1.0260827117367,0.0478668010009178,0.535832920132708,1.30237658116714,0.120327617523069,0.938730783722151,-0.188849316831505
"291",0.966666666666667,0.908876183605775,1.0781168547794,-0.112148639863668,-1.09272115054581,-1.04331414387884,-0.024265899862231,0.578438748081682,1.32814201726041,0.157565363779673,0.931831638452061,-0.110272344781512
"292",0.97,0.917229028534042,1.18262620843022,-0.0999753509108376,-1.09880718450705,-1.05572778168726,-0.102796575298551,0.621948181934931,1.34526138686914,0.204693240394509,0.925541252723453,-0.0207385483363658
"293",0.973333333333333,0.9258282979663,1.2881839971474,-0.0906213273638753,-1.11053776668724,-1.0629808724596,-0.186545726173583,0.665932299729614,1.35264305049331,0.261483218355773,0.920409026917698,0.0783034500088068
"294",0.976666666666667,0.934647037791938,1.39384336321241,-0.083915425729372,-1.12777816317691,-1.06482582403919,-0.274261166707827,0.710011808183134,1.34937814525139,0.327586192487585,0.917041361399673,0.185232366485114
"295",0.98,0.943656652719439,1.49860443321494,-0.0795343247243719,-1.15032675768997,-1.0611318370083,-0.364641546785775,0.75385934466671,1.33476755469811,0.40253871439781,0.916092017619439,0.298291465128853
"296",0.983333333333333,0.952827240278301,1.60143138250632,-0.0770130888595221,-1.17792423262643,-1.05190339708928,-0.456361356903601,0.797199814122121,1.30834316957162,0.48577082636056,0.918249572941419,0.415627883184635
"297",0.986666666666667,0.962127932841149,1.70127219316313,-0.0757627417038447,-1.21026173022829,-1.03729381315614,-0.548095778665225,0.83980885827404,1.26988209694783,0.576615354673238,0.924221672139578,0.535333289888752
"298",0.99,0.971527243930741,1.79708001704411,-0.0750938122671237,-1.24698699618215,-1.01761270523526,-0.638546653491505,0.881509596243475,1.21941398568152,0.674318440528627,0.934716979724752,0.655484780348382
"299",0.993333333333333,0.98099341509491,1.88783531084484,-0.0742453903208993,-1.28770877958098,-0.993326437377222,-0.726467746585762,0.922167956473261,1.15722089691627,0.778051498079154,0.950424589590788,0.774185050192997
"300",0.996666666666667,0.990494759689124,1.97256747169534,-0.0724181300792152,-1.33199913400959,-0.965051047815579,-0.81068925846218,0.961686881372838,1.08383010080861,0.886924390684853,0.971991651772482,0.889600995455157
"301",1,1,2.05037512856642,-0.0688101904285502,-1.37939411449409,-0.933537445097947,-0.890141106285613,0.999999999792929,0.999999999727515,0.999999999918472,0.999999999313676,1.0000000002875
