"ev","IR.1","IR.2","IR.3","IR.4","MR.1","MR.2","MR.3","MR.4","IRR.1","IRR.2","IRR.3","IRR.4","MRR.1","MRR.2","MRR.3","MRR.4"
0.01,0.887201840437163,0.880315310788899,0.874668711599613,0.874668713416185,1,1,1,1,0.985873418802451,0.993585708302374,1,0.999999997923131,1,1,1,1
0.0113,0.872538079690737,0.86484858455083,0.858375644116761,0.858375690273131,1,1,1,1,0.983768690555035,0.992515521734441,1,0.999999946228241,1,1,1,1
0.0126,0.857874318953807,0.849402968612957,0.842082576615914,0.842083049670367,1,1,0.999999999999987,0.999999999999999,0.981592009471561,0.991381720729094,1,0.999999438233019,0.999999999999987,0.999999999999987,1,0.999999999999988
0.0139,0.843210558211932,0.833996221030071,0.82578950912666,0.825792203645971,0.999999999999973,1,0.999999999995611,0.999999999999525,0.979339621740252,0.990159773274183,1,0.999996737049225,0.999999999995638,0.999999999995611,1,0.999999999996086
0.0152,0.828546797468445,0.818653509272878,0.80949644171036,0.809506737368174,0.999999999995014,1,0.999999999644109,0.999999999944615,0.977007507824191,0.988814477115415,1,0.999987281566245,0.999999999649095,0.999999999644109,1,0.999999999699494
0.0165,0.813883036725611,0.80340671080612,0.793203375401312,0.793233074965084,0.999999999715497,1,0.999999989355791,0.999999997804762,0.974591359702621,0.987299912650007,1,0.99996255884341,0.999999989640294,0.999999989355791,1,0.999999991551029
0.0178,0.799219275982781,0.788289187221748,0.776910318158757,0.776980175169152,0.999999993083577,1,0.999999844571547,0.99999995996958,0.972086561855517,0.985565108278227,1,0.999910091643741,0.999999851487969,0.999999844571547,1,0.999999884601962
0.0191,0.78455551523995,0.773328490074541,0.760617308307111,0.76075842679717,0.999999910367773,0.999999999999991,0.999998662232518,0.999999588179313,0.969488192399593,0.983563024082813,1,0.999814502889369,0.999998751864632,0.999998662232527,1,0.999999074052823
0.0204,0.76989175449712,0.758541114307083,0.74432447449806,0.744578292756886,0.99999927689065,0.999999999999483,0.999992268374188,0.999997247459997,0.966791071797152,0.981257917941587,1,0.999659111390575,0.99999299147847,0.999992268374705,1,0.999995020900486
0.0217,0.755227993730962,0.743931211364607,0.728032143527401,0.72844916903103,0.999995945696718,0.999999999985112,0.999967086200525,0.999986787870036,0.963989880632989,0.978628309184606,1,0.999427515986896,0.999971140386802,0.999967086215413,1,0.999980298070185
0.023,0.740564233002494,0.729492583054096,0.711740983403831,0.712378668019185,0.999982888119577,0.999999999753069,0.999889628673594,0.999951022602649,0.961079338814672,0.975665825722387,1,0.999104851613361,0.999906738958146,0.999889628920498,1,0.999938603063883
0.0243,0.725900472266244,0.715212249096448,0.695452145250042,0.696372321302188,0.999942320672644,0.999999997355568,0.999693608824077,0.999852034511651,0.958054405280736,0.972371692638976,1,0.998678614838647,0.999751273805073,0.999693611467699,1,0.999841550867422
0.0256,0.711236711525857,0.70107413952879,0.679167361366014,0.68043360090886,0.99983766677975,0.999999980066071,0.999269071580386,0.999620641869806,0.954910440307499,0.968752551367107,1,0.998139069644483,0.99943131248376,0.999269091499746,1,0.999648296288918
0.0269,0.696572950789403,0.687062120326896,0.662888970556351,0.664564134055324,0.999605333912004,0.999999887010934,0.998458076515857,0.999148662240512,0.951643284174501,0.964816646042072,1,0.997479304986336,0.998852289641496,0.998458189330716,1,0.999308825852696
0.0282,0.681909190090092,0.673162092624948,0.646619865545159,0.648764010254935,0.999148991702845,0.999999493119911,0.99705925252935,0.998287097316705,0.948249231631163,0.960570823326831,1,0.996695031358269,0.997908480926419,0.997059757919089,1,0.998770048425292
0.0295,0.667245429678588,0.659363203689079,0.630363379311502,0.633032111131845,0.998338499323134,0.999998126456858,0.994840527203966,0.99685143014459,0.944724911214675,0.956018436856461,1,0.995784207825459,0.99649620632527,0.994842391084105,1,0.99798274559296
0.0308,0.652581670863044,0.645658334359181,0.614123142797673,0.617366424234416,0.997014228740822,0.999994109138061,0.991557087052085,0.994633049178388,0.941067103502142,0.951158081785149,1,0.99474658596673,0.994526515739269,0.991562928212399,1,0.996907440257647
0.0321,0.637917919126624,0.632044060418072,0.597902954907956,0.6017643269314,0.994996029144453,0.999983835059184,0.986970834826113,0.991414359783591,0.93727255024682,0.945983029272463,1,0.993583248706127,0.991934445883929,0.986986789409149,1,0.995517994152871
0.0334,0.62325419341857,0.618520271652989,0.581706709112691,0.586222845801906,0.992095074748401,0.999960476464612,0.980868081897757,0.986984737600879,0.933337818269639,0.940481235252138,1,0.992296211719561,0.98868355146961,0.980906850804387,1,0.993802684610919
0.0347,0.608590549203206,0.605089598158114,0.565538418160757,0.570738910706981,0.988126532164141,0.99991242530761,0.973073351121646,0.981154912746338,0.929259284261291,0.934635828945415,1,0.990888140884275,0.984765937810083,0.973158575184514,1,0.991763215451807
0.036,0.593927127254594,0.591756753816435,0.549402367396343,0.555309629746029,0.982921248478611,0.999821681520257,0.963458397533977,0.973768229830954,0.925033294801562,0.928426019395749,1,0.989362218781641,0.980198972222079,0.963630230611733,1,0.989412437188707
0.0373,0.579264243496694,0.578527871440541,0.533303406842151,0.539932609608642,0.976335233533243,0.999662457603839,0.951946530196691,0.964708127633907,0.920656527361153,0.921828373651592,1,0.987722166343508,0.975020154452184,0.952267961006036,1,0.986771545639907
0.0386,0.56460253513188,0.565409877310927,0.517247365007387,0.524606334889454,0.968256341086933,0.999400257906845,0.938512917295442,0.95390189480242,0.916126536496278,0.914818410084028,1,0.985972396075588,0.969281457265643,0.939076120773746,1,0.98386733731128
0.0399,0.549943173167975,0.552409935236783,0.501241539312296,0.509330601848955,0.958608081768573,0.998991618876076,0.923181810664612,0.94132120424257,0.911442424905231,0.907372419175347,1,0.984118247544338,0.963044051288821,0.92411366944524,1,0.98072985767642
0.0412,0.535288141191457,0.5395349794868,0.485295196485218,0.494106981558726,0.947350857893597,0.998384589190372,0.906021636264393,0.926980129513721,0.906605544081429,0.899469385556477,1,0.982166240505831,0.956373901723066,0.907487601545533,1,0.977390569029433
0.0425,0.520640566737838,0.52679134884734,0.469420007109815,0.478939270056893,0.934481096729081,0.99751991678845,0.890349737760701,0.910931368824903,0.901620113951255,0.891092855144532,1,0.98012427975274,0.952774476527294,0.892563369187868,1,0.97740594761738
0.0438,0.506005078126801,0.514184528086911,0.453630343903216,0.463833873772445,0.920028811492972,0.996332818205635,0.875216372754147,0.893261320834413,0.896493658882885,0.882232582125731,1,0.978001757857308,0.951292352827401,0.878437763728775,1,0.979798802814601
0.0451,0.491388149605622,0.501718996920073,0.437943391539974,0.44880007915782,0.904054085881609,0.994755147985879,0.859548616765654,0.87408453232831,0.891237185698227,0.872885807052152,1,0.975809523834714,0.950771231709489,0.864080591596853,1,0.983370126086162
0.0464,0.47679839359192,0.489398180082403,0.42237904224259,0.433850167603184,0.886642901026533,0.992717764760263,0.843452637289198,0.853537911268894,0.885865069847726,0.863058056675796,1,0.973559707435482,0.951287870587662,0.849639915019439,1,0.988184152283637
0.0477,0.462246761641095,0.477224486038689,0.406959580104991,0.418999348901156,0.867902634707265,0.990152900401473,0.827027455505229,0.831774990670952,0.880394659034884,0.852763410115545,1,0.97126542361524,0.952903496812378,0.835252267775914,1,0.994292284308892
0.049,0.447746624748797,0.465199417073755,0.391709182838239,0.404265517936931,0.847957480188557,0.986996369944106,0.810363772956676,0.808960446053295,0.874845640786244,0.842024234041842,1,0.968940375714531,0.954010625477836,0.819618461311167,0.998268275371861,1
0.0503,0.433313716777669,0.453323730475783,0.376653288523262,0.389668845661619,0.826943964775548,0.983189502469276,0.7935433148848,0.785265009946855,0.869239246161509,0.830870442471537,1,0.966598414825137,0.949598816118084,0.798691409921145,0.989567923032473,1
0.0516,0.418965939647355,0.441597630500002,0.361817885195749,0.375231242074648,0.805006697627694,0.9786807181229,0.77663859306606,0.760860885251212,0.863597373811084,0.819338375493723,1,0.964253091494363,0.945160937782782,0.777435246410633,0.979684620419699,1
0.0529,0.404723042999774,0.430020971009557,0.347228782691553,0.360975733733044,0.78229444010262,0.973426717577733,0.759713001641457,0.735956014002984,0.857941717669254,0.807469416843477,1,0.961917243302407,0.94076600353499,0.756046655298645,0.968728996888111,1
0.0542,0.390606202382412,0.418593452693563,0.332910920543235,0.346925803724773,0.758956565873136,0.967393283877441,0.742821169597683,0.710692950832584,0.852292970548654,0.795308475087275,1,0.959602649814262,0.936407935301242,0.734647389719342,0.956748380256179,1
0.0555,0.376637527584364,0.407314801645968,0.318887755021713,0.333104739984327,0.735139958225407,0.960555721264327,0.726009502711475,0.685202930373264,0.846670158087964,0.782902447279306,1,0.957319775866046,0.932071400427358,0.71334011677258,0.943793335781683,1
0.0568,0.362839535906651,0.396184920296575,0.305180755068027,0.319535031471673,0.710986375132841,0.952898971468263,0.70931685604559,0.659628455084143,0.84109013728466,0.770298765635946,1,0.955077612812797,0.927765254236972,0.692233358241287,0.929948935320024,1
0.0581,0.349234624503145,0.385204005373922,0.291809023054574,0.306237842496085,0.686630296954471,0.944417456208446,0.692775285858875,0.634099961150768,0.835567273633677,0.757544103860787,1,0.952883617113076,0.923495458856535,0.671419145190825,0.915303957999362,1
0.0594,0.335844572165154,0.374372630824572,0.278789043764526,0.29323258497282,0.662197256149709,0.935114696997992,0.676410837390579,0.608734926523051,0.830113293084364,0.744683293622402,1,0.950743737400013,0.919265250451941,0.650973542044926,0.899948511870974,1
0.0607,0.322690094720459,0.36369179622449,0.266134554793793,0.280536598063773,0.637802633364696,0.925002761498595,0.66024433255306,0.583637487403433,0.824737291748423,0.731758476700752,1,0.948662515445824,0.915075380489545,0.630957562178391,0.883971976172214,1
0.062,0.30979047114526,0.353162943166998,0.253856524285305,0.268164935530523,0.613550890312074,0.914101581240264,0.644292129079929,0.558898489579302,0.81944587690779,0.71880849674895,1,0.946643243208098,0.910924421110409,0.61141835989495,0.867461302650753,1
0.0633,0.297163250104802,0.342787943445842,0.241963217531636,0.256130253863623,0.589535197915591,0.902438179795086,0.628566829949316,0.5345958938276,0.81424340811423,0.705868517717758,1,0.944688157223585,0.906809119655214,0.592390598931651,0.850499689699989,1
0.0646,0.284824039872277,0.332569063650672,0.230460332212738,0.24444278914165,0.565837409013721,0.890045844429547,0.613077928688225,0.510795452912682,0.809132306093553,0.6929698441669,1,0.94279865248629,0.902724784144302,0.573897913359805,0.833165620569001,1
0.0659,0.27278637889768,0.322508911168581,0.219351182339142,0.233110407547437,0.542614049569386,0.876963268487919,0.597832382221683,0.487551580880485,0.804113399010361,0.68013991162087,1,0.94097550018012,0.898523695188876,0.555954392161866,0.815532238432168,1
0.0672,0.261061679986593,0.312610366610342,0.208636912756015,0.222138713316394,0.51994444422194,0.863233686634392,0.582835108072622,0.464964431789509,0.799186279528769,0.667402412204946,1,0.939219056602943,0.894257909583582,0.538631009179369,0.797763253018681,1
0.0685,0.249659238168529,0.302876507463263,0.198316728742921,0.211531198204311,0.497804974187527,0.848904020746554,0.568089406840498,0.443031392305836,0.794349651139488,0.65477752105609,1,0.937529453936029,0.889969797969399,0.521886316330814,0.779862090317458,1
0.0698,0.238586290791145,0.293310527366346,0.18838812832336,0.201289417938155,0.476238420884884,0.834024050702372,0.553597313971219,0.421764117442309,0.789601647683405,0.642282191556196,1,0.935906766749366,0.885615479445446,0.505697787836119,0.761860845055032,1
0.0711,0.227848117970715,0.283915654875929,0.17884712799545,0.191413183141262,0.455278731776031,0.818645621442099,0.539359886936346,0.401180180306245,0.784940115320315,0.629930491411633,1,0.934351151056621,0.881174876632718,0.49005353451905,0.743807965744385,1
0.0724,0.217448172007247,0.274695074986192,0.169688475444935,0.181900754559419,0.434951824474149,0.802821895378016,0.525377435180579,0.381290769683912,0.780362850966069,0.617733956291225,1,0.932862955164408,0.876627590066757,0.474938179786911,0.725746376132157,1
0.0737,0.207388225469126,0.265651856030578,0.16090584524848,0.172749034782585,0.415276407516712,0.786606657323087,0.51164970072116,0.362101627795502,0.775867795215954,0.605701942582924,1,0.931442803434414,0.871953285188564,0.460333795073354,0.707713944296512,1
0.075,0.197668529120553,0.256788883950221,0.152492015551127,0.163953750866511,0.396264792267714,0.770053677483993,0.49817599725151,0.343613899228142,0.771453180886095,0.593841965451618,1,0.930091655391794,0.867132043858185,0.446220710679334,0.689743988317174,1
0.0763,0.188287972496481,0.248108805301827,0.144439025203594,0.15550962418999,0.377923676341402,0.753216136612372,0.48495531517028,0.325824885560943,0.767117640540176,0.582160012531125,1,0.928810843418471,0.862144676182196,0.43257820660396,0.671865789215112,1
0.0776,0.179244241561997,0.239613979812015,0.13673831191218,0.147410525478972,0.360254884352837,0.736146116060768,0.471986399266063,0.308728705647321,0.762860277800811,0.570660827133108,1,0.927602092644912,0.856972990669988,0.419385090692832,0.654105088891106,1
0.0789,0.170533969411402,0.231306442784519,0.129380832649783,0.139649614176849,0.343256056530301,0.718894154208828,0.459267804954675,0.292316865488405,0.75868070799232,0.559348157761051,1,0.926467526691039,0.851600022569741,0.406620173188238,0.636484557233995,1
0.0802,0.16215287729539,0.223187877241881,0.122357167973716,0.132219462261543,0.326921279691051,0.701508869499494,0.446797938082206,0.276578744294048,0.754579073862633,0.548224972994887,1,0.925409662699144,0.84601022165159,0.394262647728714,0.619024218153755,1
0.0815,0.154095904377273,0.215259595340033,0.115657612066564,0.125112163244293,0.311241658275102,0.684036649162488,0.434575082440456,0.26150200490283,0.750556041926978,0.537293642515062,1,0.924431398734047,0.840189601713573,0.382292389191434,0.601741828901706,1
0.0828,0.146357325503597,0.207522528333453,0.109272250325419,0.118319427481491,0.29620582559317,0.666521401623966,0.422597418337084,0.247072937447867,0.746612784494571,0.526556086237718,1,0.923535996170306,0.834125854726484,0.370690178658748,0.584653210661097,1
0.0841,0.138930858669823,0.199977224186823,0.103191026227347,0.111832665140237,0.28180039724964,0.649004369632218,0.410863034847707,0.23327674522803,0.742750942557593,0.516013894317002,1,0.922727059199974,0.827808432865253,0.359437865357093,0.567772531092989,1
0.0854,0.131809752966082,0.192623851819688,0.0974037990384506,0.105643058228332,0.268010369943011,0.631524000294689,0.399369937763573,0.22009778136657,0.738972624154109,0.505668421217269,1,0.92200851311902,0.821228601764067,0.348518474775092,0.551112541417344,1
0.0867,0.124986878602015,0.18546221092422,0.0919003937432507,0.0997416230717806,0.25481946962434,0.614115867541373,0.388116054738005,0.207519744171478,0.735280333193066,0.495520857242457,1,0.921384582614153,0.814379468246314,0.337916271407036,0.534684771830844,1
0.088,0.118454800031736,0.178491746302069,0.0866706443734962,0.0941192645321415,0.242284307202188,0.596812642016314,0.377099238722205,0.195525838281778,0.731676929514682,0.485572280898748,1,0.920859770890988,0.807009915498202,0.327616783755116,0.518499689748287,1
0.0893,0.112205836544165,0.171711565713382,0.0817044317262892,0.0887668231291836,0.230311526992949,0.579644103056456,0.36631727045624,0.184098907787206,0.72816561279439,0.475823695316299,1,0.920438840166483,0.799347345705551,0.31760679840691,0.502566825631549,1
0.0906,0.106232120444661,0.165120460308217,0.0769917162895936,0.0836751160914711,0.218880272023299,0.562637187241084,0.35576786053226,0.173221546613766,0.724749877601293,0.466276051713273,1,0.920126793794091,0.791398626347317,0.307874329215895,0.486894871151688,1
0.0919,0.100525646547001,0.158716926807728,0.0725225670433538,0.0788349732128868,0.207971699510612,0.545816067973697,0.345448651361476,0.162876190619912,0.721433480255661,0.456930262587611,1,0.919928860095037,0.783165166237442,0.298408566872313,0.471491754210032,1
0.0932,0.0950783155954286,0.152499190710743,0.0682871866778364,0.0742372682559924,0.197566871131165,0.529202260673898,0.335357219242198,0.153045195074737,0.718220408619856,0.447787206998114,1,0.919850477826874,0.774650092895027,0.289199813469893,0.456364694997684,1
0.0945,0.0898819724176792,0.146465229913237,0.064275933666612,0.0698729465190052,0.187646885668174,0.512814748388332,0.325491076632173,0.143710900504422,0.715114854933572,0.438847729967635,1,0.919897283122719,0.765858170215275,0.280239406054673,0.441520246857107,1
0.0958,0.0849284395124184,0.140612798238015,0.0604793415477792,0.0657330490747208,0.178192989221134,0.496670122953436,0.315847674665242,0.13485568930025,0.712121191617276,0.430112637723103,1,0.920075097673172,0.756795707225592,0.271519632584973,0.426964325265905,1
0.0971,0.0802095466781409,0.13493944847522,0.0568881357009394,0.0618087340975888,0.169186666015717,0.480782737234974,0.306424405911924,0.126462034978334,0.709243949840734,0.421582690190008,1,0.920389917889592,0.747470459442624,0.26303364323276,0.412702227820205,1
0.0984,0.0757171572002734,0.129442554577848,0.0534932478562153,0.0580912956187565,0.160609712502384,0.465164864407336,0.297218607359629,0.118512545561541,0.706487800575034,0.413258592050143,1,0.920847904775314,0.737891524211412,0.254775359511594,0.398738647672024,1
0.0997,0.0714431910317087,0.124119333142982,0.0502858285325379,0.0545721799868345,0.152444297103776,0.449826860698745,0.288227563575772,0.110990002209389,0.70385753780538,0.405140982143451,1,0.921455374234076,0.728069231306389,0.246739383319575,0.385077682482684,1
0.101,0.0673796453306104,0.118966862967855,0.0472572575730165,0.0512430002626109,0.144673007671042,0.434777328498968,0.279448510012312,0.104653234672245,0.701358063568608,0.397230425297382,1,0.922218787557945,0.723377749291047,0.240705362980981,0.374499168621919,1
0.1023,0.0635186126583154,0.113982104354682,0.0443991529232973,0.0480955487370579,0.137278888439708,0.420023277189146,0.270878636410403,0.0992601654675003,0.698994374485679,0.389527401469436,1,0.923144741856069,0.723054845473158,0.236320629970232,0.366437777385711,1
0.1036,0.0598522970890729,0.109161916354458,0.0417033777826131,0.045121807731859,0.130245468036418,0.405570279497448,0.262515090266839,0.0956713904098303,0.696771549478704,0.382032298216518,1,0.924239960208148,0.734546789628638,0.235893494287548,0.364441489106714,1
0.1049,0.056373028441334,0.104503073003315,0.0391620462452605,0.0423139588186509,0.123556779877639,0.391422621600905,0.254354980328511,0.0922014903425561,0.694694738389218,0.37474540336262,1,0.925511281350467,0.746227689276667,0.235554833201656,0.36249138988147,1
0.1062,0.0530732748062446,0.100002278221033,0.0367675275413498,0.0396643905757173,0.117197376117858,0.377583445577363,0.246395380086114,0.0888467477863583,0.692769151245662,0.367666899148868,1,0.926965648726216,0.758095025071299,0.235303609909334,0.360586094411781,1
0.1075,0.0499456535217793,0.0956561794659572,0.0345124489789695,0.0371657049877337,0.111152336145476,0.364054883158658,0.238633331243412,0.0856035710697527,0.69100004796053,0.360796857784312,1,0.928610098755295,0.770146395823071,0.235139192000471,0.358724284758171,1
0.1088,0.0469829407184833,0.0914613802044453,0.0323896976846838,0.0348107225842923,0.105407270486711,0.350838180045553,0.231065847143031,0.0824684881832136,0.689392728283217,0.35413523841738,1,0.930451748200684,0.782379505724995,0.235061327055413,0.356904705748943,1
0.1101,0.0441780795528684,0.0874144512621188,0.0303924212350716,0.0325924864054986,0.0999483208587875,0.337933810316827,0.223689916133848,0.0794381411332911,0.687952521763665,0.34768188550355,1,0.932497780529693,0.794792153092053,0.235070119378746,0.355126160831309,1
0.1114,0.0415241872094471,0.0835119411289487,0.0285140272684051,0.0305042648772487,0.0947621570109632,0.325341580700488,0.216502504868626,0.0765092807368044,0.686684777827944,0.341436528512459,1,0.934755431187987,0.807382220393663,0.235166007898755,0.353387508302643,1
0.1127,0.0390145607809606,0.0797503852901444,0.026748182162335,0.0285395536743769,0.0898359709033793,0.313060724676467,0.209500561523373,0.0736787618047481,0.68559485553374,0.33539878290269,1,0.937231971723151,0.820147665393312,0.235349745263931,0.351687657870684,1
0.114,0.0366426820872907,0.0761263146672844,0.025088808860391,0.026692076646287,0.0851574686972851,0.301089986549854,0.202681018932363,0.0709435386733165,0.684688113185166,0.329568152222309,1,0.939934692712678,0.833086513239422,0.235622378167564,0.350025567500186,1
0.1153,0.0344022215138291,0.0726362632071212,0.0235300839271156,0.0249557858766818,0.0807148609641503,0.289427695774509,0.196040797634515,0.0683006610457299,0.683969897631668,0.323944031372043,1,0.942870885468757,0.846196849376545,0.235985228928964,0.348400240510473,1
0.1166,0.0322870409357765,0.0692767747357969,0.0220664339086462,0.0233248609463692,0.0764968514641043,0.278071831921593,0.189576808828318,0.0657472701136904,0.683445533226148,0.318525710713319,1,0.946047822509359,0.859476813167166,0.236439878355708,0.34681072289402,1
0.1179,0.0302911957924422,0.066044409096353,0.0206925310724992,0.0217937074656684,0.0724926247947165,0.267020080778867,0.183285957233552,0.0632805949315082,0.68312031041251,0.3133123811027,1,0.949472736802407,0.87292459213203,0.236988149905902,0.345256100830862,1
0.1192,0.0284089363724282,0.0629357476484755,0.0194032885971857,0.0203569549406158,0.0686918331682725,0.256269882137169,0.177165143858813,0.0608979490193803,0.682999473926706,0.308303139664946,1,0.953152799806649,0.886538416731436,0.237632095162804,0.343735498377216,1
0.1205,0.0266347083679083,0.0599473981813389,0.0181938552790728,0.0190094540348535,0.0650845825385495,0.245818469872691,0.171211268674449,0.0585967271752192,0.683088210606964,0.3034969962172,1,0.957095098350255,0.900316555622254,0.238373980627113,0.342248075310034,1
0.1218,0.0249631527536922,0.0570759992875887,0.0170596098206211,0.0177462732867659,0.0616614182657976,0.235662904969587,0.165421233190841,0.0563744024767944,0.683391636823514,0.298892880257127,1,0.961306610404966,0.914257311335055,0.239216275824444,0.340793025111576,1
0.1231,0.0233891050450702,0.0543182242442476,0.01599615476079,0.0165626953390682,0.0584133104805847,0.225800102149233,0.159791942942261,0.0542285234580005,0.683914785536506,0.294489648425575,1,0.965794179831239,0.928359016324283,0.240161642717772,0.339369573080386,1
0.1244,0.0219075939856082,0.0516707844422113,0.0149993101050156,0.0154542127356509,0.0553316392827854,0.21622685078168,0.154320309876643,0.0521567114447722,0.684662593019989,0.290286092362133,1,0.970564490186817,0.942620029350893,0.241212926406785,0.337976974556777,1
0.1257,0.0205138397149577,0.0491304324026941,0.0140651067087485,0.0144165233380126,0.052408179890802,0.206939830753213,0.149003254651729,0.0501566580376429,0.685639885276717,0.286280946877587,1,0.97562403770835,0.957038732162605,0.242373147088622,0.336614513252585,1
0.127,0.0192032514643001,0.0466939644160582,0.0131897794651275,0.0134455254111224,0.0496350878376988,0.197935623952882,0.143837708838072,0.0482261227292187,0.686851364189445,0.282472898372953,1,0.98097910359209,0.971613526441471,0.243645493247333,0.335281499676208,1
0.1283,0.0179714248253321,0.0443582228358943,0.0123697603439601,0.0125373124259984,0.0470048842949525,0.189210722021629,0.138820617029426,0.0463629306459512,0.68830159345652,0.278860593439975,1,0.986635725716557,0.986342830992347,0.245033316032964,0.333977269645211,1
0.1296,0.0168141386367588,0.0421200980589723,0.0116016713258047,0.0116881676237251,0.0445104415906511,0.180761530981521,0.133948938861077,0.044564970404555,0.68999498436639,0.275442647582662,1,0.992599669964962,1,0.246238463178326,0.332294096310942,0.998776419833585
0.1309,0.0157273515303513,0.0399765302196719,0.0108823172716273,0.0108945583830424,0.0421449689769744,0.172584373330673,0.129219650936701,0.0428301920742952,0.691935781471288,0.272217654004204,1,0.998876401320294,1,0.244199217829672,0.326149843862519,0.98400140031751
0.1322,0.0147071981766796,0.0379245106257909,0.0102086787652454,0.0101531304310575,0.039912591473342,0.164675488152719,0.124629748664393,0.041156605237133,0.690351099447125,0.267719484405233,0.994558714651985,1,1,0.242371174490324,0.320249313675662,0.969773654638827
0.1335,0.0137499852686991,0.0359610829609758,0.00957790496258746,0.00946070193404758,0.0378080746303089,0.157031029749232,0.120176248002564,0.0395422771384116,0.688051786905129,0.263081674829263,0.987763187356975,1,1,0.240768176141275,0.314605217409535,0.956143079417697
0.1348,0.0128521872794032,0.0340833442776078,0.00898730647870329,0.00881425750277648,0.0358117075968893,0.149647065260099,0.115856187116534,0.0379853309213925,0.685817698665358,0.25860893904614,0.980745179177223,1,1,0.239307784183041,0.309104834952563,0.942777296609545
0.1361,0.0120104420278017,0.0322884458025509,0.00843434834046897,0.00821094214422778,0.0339180833029596,0.14251957169154,0.111666627946716,0.0364839439395281,0.683650287409999,0.254299701956515,0.973512334655511,1,1,0.237988950572835,0.303744134900755,0.929671511368908
0.1374,0.01122154608553,0.0305735935768466,0.00791664303004681,0.00764805518918696,0.0321220553114098,0.135659449360264,0.107604657689475,0.0350363461408773,0.681550931653618,0.250152314282703,0.966073013543689,1,1,0.236784503128159,0.298519190536411,0.916820925967867
0.1387,0.0104824500544475,0.0289360489491067,0.00743194364139512,0.00712304422268604,0.0304187261782317,0.129049254571649,0.10366739019186,0.0336408185195418,0.67952093124106,0.246165059895157,0.958436253877311,1,1,0.23571407893211,0.293426178877804,0.904220750769236
0.14,0.00979025374365979,0.0273731289410113,0.00697813716947908,0.00663349904198068,0.0288034362208227,0.122681284098375,0.0998519672615905,0.0322956916294617,0.677561503068964,0.242336163186743,0.95061172930137,1,1,0.234782643762727,0.288461379487536,0.891866213961086
0.1413,0.00914220127249856,0.0258822065019842,0.00655323794932185,0.00617714566444361,0.0272717526950372,0.116551179913191,0.0961555598938783,0.0309993441563046,0.675673777061287,0.238663796456846,0.942609701068895,1,1,0.233989503283875,0.283621173077621,0.879752570168191
0.1426,0.00853567612411452,0.0244607106686914,0.00615538125964996,0.00575184040555862,0.0258194593790305,0.110654486017156,0.0925753694168025,0.029750201543558,0.673858792428738,0.235146087268867,0.934440965219061,1,1,0.233334050054035,0.278902039945241,0.867875108046835
0.1439,0.00796819617251844,0.0231061266436282,0.00578281710364701,0.00535556404508604,0.0244425465597914,0.104986647519597,0.0891086285571783,0.0285467346692948,0.672117494240024,0.231781125745838,0.926116795516234,1,1,0.232815764073512,0.274300558268691,0.856229156957909
0.1452,0.00743740870410174,0.0218159958055815,0.00543390417720561,0.00498641609743901,0.0231372014165804,0.0995430107627295,0.08575260242902,0.0273874585703944,0.670450730331519,0.228566971770469,0.917648882797061,1,1,0.232434213505257,0.269813402289822,0.844810092806183
0.1465,0.00694108545293909,0.0205879156632875,0.00510710403311365,0.00464260920037161,0.0218997987940565,0.0943188245692856,0.0825045894468446,0.0262709312112988,0.668859248578445,0.225501662057532,0.909049271420686,1,1,0.232189055515308,0.265437340405965,0.833613343124954
0.1478,0.00647711766747066,0.0194195397621634,0.00480097544775058,0.00432246363425285,0.0207268923567477,0.0893092426565027,0.0793619221662497,0.0251957522946619,0.66734369455122,0.222583217068545,0.900330293561088,1,1,0.232080037185699,0.261169233191308,0.822634391477927
0.1491,0.00604351122455138,0.0183085775524583,0.00451416899518757,0.00402440198243366,0.0196152061156359,0.0845093272278379,0.0763219680542931,0.0241605621114956,0.66590460957279,0.219809647740401,0.891504502096391,1,1,0.232106996459138,0.257006031365468,0.811868781244249
0.1504,0.00563838180525264,0.0172527942258057,0.00424542183201729,0.0037469439416,0.0185616263169117,0.0799140537249916,0.0733821301923312,0.0231640404286388,0.664542429196511,0.217178962002314,0.882584602863731,1,1,0.232269863080503,0.252944773724373,0.801312118846204
0.1517,0.00525995014532468,0.0162500105257024,0.00399355269478432,0.00348870128943666,0.0175631936824471,0.0755183166974479,0.0705398479140447,0.0222049054116026,0.663257482114655,0.214689171057374,0.873583387041065,1,1,0.23256865950563,0.248982585046802,0.790960076473458
0.153,0.00490653737175933,0.0152981025361398,0.00375745711061575,0.00324837301549651,0.0166170959911411,0.0713169367247452,0.0677925973814597,0.0212819125809973,0.662049989508537,0.212338295407724,0.864513664392614,1,1,0.233003501752697,0.245116673987855,0.78080839435355
0.1543,0.00457656043552924,0.0143950014513546,0.00353610282043581,0.00302474061982133,0.0157206609900578,0.0673046683081674,0.0651378921017728,0.0203938538009546,0.660920064845935,0.210124370604818,0.855388198086541,1,1,0.233574600175989,0.241344330969376,0.770852882613187
0.1556,0.00426852764926719,0.0135386933285051,0.00332852541311905,0.00281666358262385,0.0148713496241034,0.0634762086334128,0.0625732833878362,0.0195395562980781,0.659867714130282,0.208045452709493,0.846219641743533,1,1,0.234282260145502,0.237662926075481,0.761089422770881
0.1569,0.00398103433741549,0.0127272188240291,0.0031338241679735,0.00262307500717654,0.014066749572951,0.0598262070939403,0.0600963607651004,0.0187178817096002,0.658892836598706,0.206099623448302,0.83702047931833,1,1,0.23512688261957,0.234069906960488,0.751513968898322
0.1582,0.00371275860520245,0.0119586729135527,0.00295115810212071,0.00244297743701974,0.0133045690839132,0.0563492754560726,0.0577047523277986,0.0179277251595451,0.657995225866974,0.204284995055858,0.827802968354765,1,1,0.23610896460035,0.230562796775126,0.74212254848349
0.1595,0.00346245723171315,0.0112312045943739,0.00277974221863179,0.00227543884763385,0.0125826310895601,0.053039998541224,0.0553961250470758,0.0171680143617825,0.657174571513193,0.202599714795837,0.818579087075863,1,1,0.237229099465013,0.227139192116188,0.732911263027027
0.1608,0.00322896169128702,0.010543016568926,0.00261884395061211,0.00211958881185641,0.0118988675989823,0.0498929452977644,0.0531681850336893,0.016437708748978,0.656430461090908,0.201041969155544,0.809360485706297,1,1,0.238487977167294,0.223796761003648,0.72387628839829
0.1621,0.00301117430652878,0.00989236490707412,0.00246777979595551,0.00197461483754131,0.0112513143517868,0.0469026801346922,0.0510186777577908,0.0157357986264717,0.655762382556194,0.19960998771176,0.800158442328421,1,1,0.239886384306313,0.220533240888798,0.715013874977989
0.1634,0.00280806453532262,0.00927755868483301,0.00232591213700346,0.00183975887526705,0.0106381057241022,0.0440637743912661,0.0489453882282007,0.0150613043502354,0.655169727093073,0.19830204666608,0.790983823506449,1,1,0.241425204060839,0.217346436696008,0.706320347608929
0.1647,0.00261866539342263,0.00869695959660568,0.00219264623900903,0.00171431399329329,0.01005746987611,0.0413708178207575,0.0469461411334305,0.0144132755280854,0.654651792321071,0.197116472055633,0.781847049831475,1,1,0.243105415988749,0.214234218900433,0.697792105376204
0.166,0.00244207001344655,0.00814898153821195,0.00206742742101546,0.00159762121640198,0.00950772413087086,0.0388184299722335,0.0450188009465805,0.0137907902433572,0.65420778585591,0.196051642639078,0.772758066455978,1,1,0.244928095692475,0.211194521643363,0.689425621236651
0.1673,0.00227742834040814,0.00763209015781066,0.00194973839256332,0.00148906652483866,0.00898727057448245,0.0364012713615742,0.0431612719961068,0.0131929543003344,0.653836829207015,0.195105992467181,0.763726318627281,1,1,0.246894414351955,0.208225340886458,0.681217441513813
0.1686,0.00212394396328073,0.00714480237189547,0.00183909674948263,0.00138807800912032,0.008495672201981,0.0341140543313459,0.0413714985042597,0.0126189004907085,0.653537961979112,0.19427801314427,0.754760732142456,1,1,0.24903730642695,0.205350845609478,0.673249797653649
0.1699,0.00198087108156789,0.00668568584397773,0.00173505262193077,0.00129412317623378,0.00803405208958585,0.0319515535085807,0.0396474645948919,0.0120677878803984,0.653310146367253,0.193566255794009,0.745869698634084,1,1,0.251444803377973,0.202637222119392,0.66574356205212
0.1712,0.00184751160528979,0.00625335842351743,0.00163718646784237,0.00120670640230848,0.00759686451788322,0.0299086157796182,0.0379871942721546,0.011538801116069,0.653152271873931,0.192969332730128,0.737061065437945,1,1,0.254002544746997,0.199984880785257,0.658375548851761
0.1725,0.00172321238640494,0.00584648754342094,0.00154510700491666,0.00112536652689249,0.00718285421605536,0.0279801697116577,0.0363887513714406,0.0110311497507098,0.653063160276072,0.192485918858899,0.728342129905226,1,1,0.256712317690578,0.197392159536773,0.651142843527543
0.1738,0.00160736257923706,0.00546378957449783,0.00145844927435202,0.00104967458354923,0.00679082864914638,0.026161234361503,0.0348502394838561,0.0105440675876576,0.653041570774567,0.192114752817087,0.719719637843142,1,1,0.259576003001574,0.194857445736983,0.644042594823218
0.1751,0.00149939112718658,0.00510402913597988,0.0013768728296376,0.000979231661491465,0.00641965494053098,0.0244469274226828,0.0333698018552723,0.0100768120424238,0.653086205284457,0.191854637856308,0.711199785785013,1,1,0.262595574058709,0.192379174691345,0.637072013798009
0.1764,0.00139876437266264,0.00476601836151946,0.00130006004384077,0.000913666892948952,0.00606825694384905,0.022832472672827,0.031945621260985,0.00962866352176428,0.653195713878335,0.191704442501909,0.70278822680351,1,1,0.265773095660853,0.189955828195465,0.630228372829997
0.1777,0.00130498378694616,0.00444861612073963,0.00122771452886645,0.000852635560805834,0.00573561245737186,0.0213132066934267,0.03057591985682,0.00919892481937013,0.653368700312453,0.191663100987926,0.694490079540779,1,1,0.269110722749233,0.187585933120914,0.623509004584363
0.179,0.00121758381648728,0.00415072719675462,0.00115955966055691,0.000795817321139461,0.00542075057404889,0.0198845848439664,0.0292589590074759,0.00878692052760088,0.653603727614733,0.191729613490787,0.686309940065738,1,1,0.27261069902064,0.185268060038084,0.616911300952546
0.1803,0.00113612984195781,0.00387130142077256,0.00109533720348064,0.000742914535315004,0.00512274916076916,0.0185421864816913,0.0279930390927616,0.00839199646471145,0.653899323720598,0.191903046176845,0.678251896269252,1,1,0.276275355434884,0.183000821875528,0.610432711966747
0.1816,0.00106021624625429,0.00360933276512758,0.0010348060295611,0.000693650706309935,0.00484073246063754,0.0172817194268665,0.026776499292344,0.00801351911698389,0.654253987109313,0.192182531079374,0.670319544431081,1,1,0.280107108619762,0.180782872614779,0.60407074469668
0.1829,0.000989464587562837,0.00336385839672956,0.000977740924920642,0.000647769014071787,0.00457386881232436,0.0160990236812887,0.0256077173495367,0.00765087509524776,0.654666192417573,0.192567265822356,0.662516007626829,1,1,0.28410845917572,0.178612906019408,0.597822962129568
0.1842,0.000923521873485164,0.00313395769326913,0.000923931479482376,0.0006050309447976,0.00432136848083231,0.0149900744148473,0.0244851093146285,0.00730347060521097,0.655134396020691,0.193056513205982,0.654843955675764,1,1,0.288281989884726,0.176489654397848,0.591686982042352
0.1855,0.000862058932251536,0.00291875122484698,0.000873181054196673,0.000565215009134646,0.00408248159424773,0.013950984241309,0.0234071292681777,0.00697073093112632,0.655657041518508,0.193649600665874,0.647305626270882,1,1,0.292630363824758,0.174411887398679,0.585660475864629
0.1868,0.000804768876975746,0.00271739970401045,0.000825305820883785,0.000528115544503767,0.00385649618131079,0.0129780048098506,0.0223722690247052,0.00665209993225579,0.656232565166264,0.194345919639409,0.639902847090344,1,1,0.297156322394304,0.172378410837637,0.579741167538806
0.1881,0.000751365658928518,0.00252910290761611,0.000780133870003884,0.000493541596784378,0.00364273630485257,0.0120675277436028,0.0213790578171837,0.00634703955163529,0.656859401171184,0.195144924826164,0.632637058537044,1,1,0.301862683247913,0.170388065554725,0.573926832378732
0.1894,0.000701582705894223,0.00235309857378867,0.000737504381880607,0.000461315876872605,0.00344056028642625,0.0112160849602275,0.0204260619627191,0.00605502933670021,0.657535986843662,0.19604613338822,0.625509336902199,1,1,0.306752338148877,0.168439726301909,0.568215295931372
0.1907,0.000655171641588373,0.00218866127795362,0.000697266857116648,0.000431273787738567,0.00324935901759493,0.0104203484126623,0.0195118845098119,0.00577556597126927,0.658260767656249,0.197049124084566,0.618520417737879,1,1,0.311828250737421,0.166532300658142,0.562604432839824
0.192,0.000611901082345155,0.00203510129146717,0.000659280402178033,0.000403262517767812,0.00306855435365949,0.00967712929044662,0.0186351648676368,0.00550816281850697,0.659032202104103,0.198153536366284,0.611670719219884,1,1,0.317093454221885,0.164664727972896,0.557092165712568
0.1933,0.000571555507236809,0.00189176342684398,0.00062341306638396,0.000377140196368834,0.00289759758572583,0.00898337672369476,0.0177945784176788,0.00525234947435971,0.659848766381627,0.199359069436085,0.604960365294225,1,1,0.322551048992865,0.162835978336361,0.551676464003581
0.1946,0.000533934197901389,0.00175802587342309,0.000589541226694604,0.000352775108046914,0.00273596798724973,0.00833617603274128,0.0169888361083189,0.00500767133116986,0.6607089589569,0.20066548131059,0.598389208545817,1,1,0.328204200163709,0.161045051574193,0.546355342895592
0.1959,0.000498850244513529,0.00163329902739358,0.000557549016967036,0.0003300449612125,0.00258317143139697,0.00773274656690548,0.0162166840327025,0.00477368915101428,0.661611304880394,0.202072587858688,0.591956852525512,1,1,0.334056135041642,0.159290976267883,0.541126862197995
0.1972,0.000466129614345432,0.00151702431973106,0.000527327798489385,0.000308836208295471,0.00243873907570902,0.0071704391756684,0.0154769029904644,0.00454997864845941,0.662554359969508,0.203580261884149,0.585662673540409,1,1,0.340110140531481,0.157572808798476,0.535989125253315
0.1985,0.00043561027957224,0.00140867304607307,0.000498775668892356,0.000289043413822907,0.00230222611073339,0.00664673335496202,0.0147683080338767,0.00433613008235501,0.663536714759674,0.205188432211909,0.579505841703934,1,1,0.346369560472092,0.155889632410995,0.530940277853246
0.1998,0.000407141401010514,0.00130774520177133,0.000471797006603929,0.000270568667340339,0.00217321056954856,0.00615923411028318,0.0140897479989393,0.00413174785641235,0.664556998302789,0.206897082836823,0.573485341265593,1,1,0.352837792919782,0.154240556304638,0.525978507177247
0.2011,0.000380582564649988,0.00121376832573123,0.000446302048265897,0.000253321038191533,0.00205129219504274,0.00570566857693944,0.0134401050220987,0.00393645012820576,0.665613881772292,0.208706252108631,0.567599990131817,1,1,0.359518287363103,0.152624714737715,0.521102040730724
0.2024,0.000355803067961935,0.001126296355976,0.00042220649682984,0.000237216069363695,0.00193609136224471,0.00528388243613576,0.0128182940432109,0.00374986842642755,0.666706081885369,0.210616032010627,0.561848458384333,1,1,0.366414541891402,0.151041266155861,0.516309145302251
0.2037,0.000332681253090578,0.00104490850019098,0.000399431157773924,0.000222175307779264,0.00182724805292434,0.00489183616371003,0.0122232622954459,0.00357164727601689,0.66783236420831,0.212626567530704,0.556229286211603,1,1,0.3735301003087,0.149489392337193,0.511598125938709
0.205,0.000311103884116344,0.000969208123892374,0.000377901601770561,0.000208125868410608,0.00172442087992852,0.00452760114622996,0.0116539887828876,0.00340144383106422,0.668991546028962,0.214738056027396,0.550740900370593,1,1,0.380868549201692,0.147968297554964,0.506967324928308
0.2063,0.000290965565753357,0.000898821658552413,0.000357547851441561,0.000195000030181774,0.0016272861587977,0.00418935569697421,0.0111094837466106,0.00323892751521904,0.670182499695067,0.216950746932188,0.545381630446312,1,1,0.388433514961029,0.146477207754517,0.50241512079274
0.2076,0.000272168201006484,0.000833397532388677,0.000338304090641018,0.000182734861001697,0.0015355370243948,0.00387538100203844,0.0105887881199443,0.00308377966937412,0.671404154952486,0.219264941279516,0.540149723449845,1,1,0.396228660765769,0.145015369747796,0.497939927305651
0.2089,0.000254620485324598,0.000772605125405927,0.000320108394530155,0.000171271870347504,0.00144897328864313,0.00358405702437825,0.0100909729739042,0.00293569320654463,0.672655501890045,0.221680991641775,0.535043358044051,1,1,0.404282989580639,0.14359103848462,0.493571087541739
0.2102,0.000238237434950035,0.000716133750779661,0.000302902478817733,0.000160556687101577,0.00136784817591351,0.00331385839131892,0.00961513895347033,0.00279437227373847,0.673935593435388,0.224199302053251,0.530060657569558,1,1,0.412766031130589,0.14225984486889,0.48950105494839
0.2115,0.000222939947443363,0.000663691664024853,0.000286631466822816,0.0001505387610207,0.00129119642458231,0.00306335028857974,0.00916041570572823,0.00265953192064616,0.675243547632681,0.226820328144219,0.52519970221468,1,1,0.421498132092803,0.140953911488415,0.485497622554798
0.2128,0.000208654392121401,0.000615005101303802,0.000271243672913381,0.000141171086112268,0.00121877777481516,0.00283118438163643,0.00872596130069447,0.00253089777509496,0.676578550189975,0.229544577456329,0.52045854045543,1,1,0.430483363330333,0.139672608302556,0.481559463526507
0.2141,0.000195312228689363,0.000569817347671722,0.00025669040115567,0.000132409944286009,0.00115036442084693,0.00261609478292302,0.00831096164567913,0.00240820572509837,0.677939856477714,0.232372609972367,0.51583519948496,1,1,0.439725818940551,0.138415320619967,0.477685277822325
0.2154,0.000182849652054494,0.000527887836828569,0.000242925758027488,0.000124214667950725,0.00108574039241993,0.00241689408115364,0.00791462989429647,0.00229120160744511,0.679326794199779,0.235305038844953,0.511327695174546,1,1,0.449229612868132,0.13718144839626,0.473873791329356
0.2167,0.000171207261742314,0.000488991281983662,0.000229906478059416,0.000116547419880839,0.00102470096569107,0.0022324694470236,0.00753620585073356,0.00217964090265832,0.680738764785901,0.238342531196156,0.50693404059158,1,1,0.458998875463777,0.13597040553123,0.470123754991629
0.218,0.00016032975422595,0.000452916839272234,0.000217591761665654,0.000109372989567127,0.000967052102333721,0.00206177882752645,0.0071749553705297,0.00207328843638988,0.682175246230272,0.241485809498432,0.502652254524169,1,1,0.469037750035443,0.13478161917296,0.466433943951188
0.2193,0.000150165636570953,0.000419467303343575,0.000205943123672186,0.000102658604317656,0.000912609915379226,0.00190384723922521,0.00683016975841877,0.00197191808701636,0.683635794858766,0.244735652813376,0.498480369177389,1,1,0.47935038934669,0.133614529017285,0.46280315667679
0.2206,0.000140666960153315,0.000388458335534056,0.0001949242526895,9.63737543929969e-05,0.000861200160681585,0.00175776316906029,0.00650116516457067,0.00187531249948203,0.685120047294389,0.24809289845847,0.49441643645295,1,1,0.489940952137476,0.13246858661196,0.459230214121355
0.2219,0.000131789072911064,0.000359717724217694,0.000184500879470024,9.04900310595641e-05,0.000812657752632839,0.00162267508977554,0.00618728197962859,0.00178326280530683,0.686627723078606,0.251558444211665,0.490458535045986,1,1,0.500813599563701,0.131343254648566,0.455713958825611
0.2232,0.000123490388911385,0.000333084677627798,0.000174640654441169,8.49809763456537e-05,0.00076682630321534,0.00149778809538259,0.00588788422986619,0.00169556834868567,0.68815862590436,0.255133250051853,0.486604774916721,1,1,0.511972491689129,0.130238006264734,0.452253254084242
0.2245,0.00011573217416631,0.000308409148266616,0.000165313033099298,7.98219442233383e-05,0.000723557683085185,0.00138448625263687,0.00560235897301431,0.00161203641863294,0.689712647311302,0.258818341388282,0.482853303982342,1,1,0.522618178192168,0.1291523243281,0.448846983059343
0.2258,0.000108478347452042,0.000285551188723278,0.00015648916918019,7.49899715043846e-05,0.000682711603791186,0.00128081286056958,0.00533011569574882,0.00153248198714495,0.691289766720841,0.262614811164578,0.47920231091544,1,1,0.533029941226217,0.128085700716722,0.445494047902706
0.2271,0.000101695295079392,0.000264380338328619,0.000148141814609835,7.04636586466573e-05,0.000644155220179243,0.00118479243775826,0.00507058571356545,0.00145672745342962,0.692890055450918,0.266523823564642,0.47565003056186,1,1,0.543686134086105,0.127037635604092,0.442193368884954
0.2284,9.5351698795593e-05,0.000244775040043963,0.000140245226202051,6.62230590957913e-05,0.000607762751837826,0.0010958784087205,0.00482322157392279,0.00138460239385896,0.694513678647244,0.270546617350761,0.472194746938366,1,1,0.554589584940746,0.126007636705673,0.438943883481206
0.2297,8.94183757654964e-05,0.000226622086346955,0.000132775078095119,6.22495766933843e-05,0.00057341512304443,0.00101356094093785,0.00458749646310963,0.00131594331802132,0.696160897136361,0.274684509779339,0.468834796307098,1,1,0.565743114088282,0.12499521855887,0.435744545522394
0.231,8.3868129782475e-05,0.000209816094321479,0.00012570837975661,5.85258707050575e-05,0.00054099961989551,0.000937364735484225,0.00436290361817882,0.00125059343053613,0.697832071096058,0.278938900727913,0.465568570833322,1,1,0.577149533597549,0.123999901726304,0.432594324171033
0.2323,7.86756132352795e-05,0.000194259007842225,0.000119023399581929,5.50357676953434e-05,0.00051040956445525,0.000866846922206177,0.00414895574382135,0.00118840239863416,0.699527660887229,0.283311277591014,0.462394519805828,1,1,0.588811647570054,0.12302121207616,0.429492203181236
0.2336,7.38171983469665e-05,0.000179859626988779,0.000112699592725581,5.1764179718836e-05,0.000481544004301226,0.000801595057622895,0.0039451844353352,0.00112922612565047,0.701248230466921,0.287803219574482,0.459311151592887,1,1,0.600732252178837,0.12205867994111,0.426437179731243
0.2349,6.92708579871336e-05,0.000166533163463794,0.000106717533786438,4.86970288435107e-05,0.000454307417686373,0.000741225223384489,0.00375113960834283,0.00107292653010238,0.70299445190293,0.29241640422028,0.45631703728239,1,1,0.612914136423975,0.121111839366351,0.423428263669668
0.2362,6.50160545635847e-05,0.000154200820477353,0.000101058853612584,4.58211765761318e-05,0.000428609432750249,0.000685380222503196,0.00356638893543459,0.0010193713305382,0.704767105351177,0.297152611991849,0.453410809030057,1,1,0.625360082881951,0.120180227257804,0.420464476398365
0.2375,6.10336369734509e-05,0.000142789397080404,9.57061795109085e-05,4.31243588249018e-05,0.000404364560720683,0.000633727870940848,0.00339051729073059,0.000968433835984661,0.706567082732765,0.302013732858741,0.45059116396958,1,1,0.63807286891194,0.119263382559996,0.417544849937572
0.2388,5.73057446406806e-05,0.000132230915262485,9.06430800707063e-05,4.05951254346816e-05,0.000381491942216261,0.000585959381388057,0.00322312620233622,0.000919992741999498,0.708395391931852,0.307001773027875,0.447856862355243,1,1,0.651055268221082,0.118360845423845,0.414668425956418
0.2401,5.38157183812469e-05,0.000122462268960762,8.58540123349785e-05,3.82227839506303e-05,0.000359915105935027,0.00054178783609149,0.00306383331370774,0.000873931932292127,0.710253158377419,0.312118861384784,0.445206728387902,1,1,0.664310052679458,0.117472156309793,0.411834254632452
0.2414,5.05480177464363e-05,0.000113424894461846,8.13242724070143e-05,3.59973476495248e-05,0.000339561739470695,0.000500946745701891,0.00291227185383769,0.000830140285744907,0.712141627988225,0.317367257164463,0.442639652149166,1,1,0.677839994738213,0.116596855140166,0.409041393727805
0.2427,4.74881436978602e-05,0.000105064460439326,7.70399490558334e-05,3.39094869736003e-05,0.000320363471321805,0.000463188690702721,0.00276809011691304,0.000788511489040356,0.714062170746174,0.322749356269552,0.440154587187292,1,1,0.69164786997664,0.115734480378505,0.406288907358469
0.244,4.46225674274114e-05,9.73305772109085e-05,7.29878803130447e-05,3.19504849100253e-05,0.000302255663847562,0.000428284042029881,0.00263095095179755,0.000748943854286477,0.716016283957662,0.328267701945205,0.437750552187429,1,1,0.705736460352342,0.114884568122051,0.403575865023316
0.2453,4.19386633176775e-05,9.0176524173472e-05,6.91556120552313e-05,3.01121948695573e-05,0.000285177216671873,0.000396019757648913,0.00250053126148675,0.000711340142425687,0.718005594061573,0.333924989297998,0.435426626627324,1,1,0.720108558130812,0.114046651231352,0.400901340530862
0.2466,3.94246475900698e-05,8.35589946693041e-05,6.55313596054451e-05,2.83870022378705e-05,0.00026907037957169,0.000366198251636751,0.00237652151260204,0.000675607391507405,0.720031857558583,0.339724075788798,0.433181951492911,1,1,0.734766969446356,0.113220258324986,0.398264410594064
0.2479,3.70695202056799e-05,7.74378565191155e-05,6.21039705272087e-05,2.6767788254392e-05,0.000253880575273535,0.000338636332304132,0.00225862525603826,0.000641656750179798,0.722096970931135,0.345667990536184,0.431015730993634,1,1,0.749714519839304,0.112404912941979,0.395664154086115
0.2492,3.48630118837076e-05,7.17759287141266e-05,5.88628906177822e-05,2.52478963873591e-05,0.000239556230658522,0.000313164206305005,0.00214655865747715,0.000609403316451984,0.724202959617443,0.351759940131432,0.428927226005647,1,1,0.76495405871898,0.111600132530304,0.393099650414188
0.2505,3.27955338863778e-05,6.65387725420578e-05,5.57981318731808e-05,2.38211013685313e-05,0.000226048616971508,0.000289624545174782,0.00204005003955565,0.000578765981276264,0.726351992044435,0.358003318343067,0.426915750919267,1,1,0.780488465972704,0.110805427606445,0.390569978686442
0.2518,3.08581319462022e-05,6.16944957842357e-05,5.29002406774143e-05,2.24815801460125e-05,0.000213311697887963,0.000267871611252635,0.00193883943418049,0.000549667277069954,0.728546374265517,0.364401716234741,0.424980677935006,1,1,0.796320658581417,0.110020300870415,0.388074216506099
0.2531,2.90424431463918e-05,5.72135711363381e-05,5.0160270316879e-05,2.12238851190151e-05,0.00020130198518642,0.000247770439947392,0.00184267814692496,0.000522033231159957,0.730788557010634,0.370958929804246,0.423121426278941,1,1,0.812453597084304,0.109244246219748,0.385611438450243
0.2544,2.7340655845727e-05,5.30686658097069e-05,4.75697520393547e-05,2.0042918837929e-05,0.000189978402266422,0.000229196075040905,0.00175132833123881,0.000495793224077001,0.73308112837613,0.377678966149227,0.421337467165003,1,1,0.828890295056389,0.108476748121833,0.383180715347809
0.2557,2.57454725220417e-05,4.92344830882489e-05,4.51206705457514e-05,1.89339107061465e-05,0.000179302154051708,0.00021203285450111,0.00166456257516379,0.00047087985202876,0.735426809119018,0.3845660504287,0.41962830953383,1,1,0.845633826293508,0.10771728063997,0.38078111280233
0.257,2.42500745186102e-05,4.5687614886718e-05,4.28054387235849e-05,1.7892395668998e-05,0.000169236604053435,0.000196173743512884,0.00158216349820972,0.000447228794917431,0.73782848194,0.391624638610749,0.417993512098725,1,1,0.862687335333031,0.106965306837715,0.378411689892822
0.2583,2.28480906545887e-05,4.24064036633252e-05,4.06168750363073e-05,1.69141934215871e-05,0.00015974715770839,0.000181519712362133,0.00150392335963379,0.000424778687515004,0.740289141762056,0.398859416513436,0.416432662691741,1,1,0.880054048288119,0.106220278237642,0.376071498885516
0.2596,2.15335664271695e-05,3.93708151392556e-05,3.85481818894061e-05,1.59953900787963e-05,0.000150801151277746,0.000167979156345033,0.00142964367815268,0.000403470996268363,0.742811931915489,0.406275308809843,0.414945382500444,1,1,0.897737282166113,0.105481634047866,0.373759582900584
0.2609,2.03009363102621e-05,3.65623186739995e-05,3.65929238996768e-05,1.51323200288704e-05,0.000142367747339889,0.000155467355267946,0.00135913486223849,0.000383249899714722,0.745400103601182,0.41387747215363,0.413531317430582,1,1,0.915740459432911,0.104748801090578,0.37147497610792
0.2622,1.91449976741215e-05,3.39637769441889e-05,3.47450106626108e-05,1.43215505375948e-05,0.00013443010397407,0.000143905970186542,0.00129221585143979,0.000364062173372703,0.748057052885065,0.421671316506662,0.412190132179358,1,1,0.934152376025899,0.104030687925928,0.369250402283484
0.2635,1.80608863158313e-05,3.15593426589674e-05,3.29986745646353e-05,1.35598656245176e-05,0.000126980676455668,0.000133222574811409,0.00122871376843581,0.000345857078485778,0.750786278557755,0.429662486036118,0.410921523467786,1,1,0.953146841932929,0.103344391279442,0.367147831733302
0.2648,1.70440542621141e-05,2.93343632373143e-05,3.13484578424742e-05,1.28442521609858e-05,0.000119955586755038,0.000123350220083474,0.00116846358259359,0.000328586254837559,0.753591367608838,0.437856859447608,0.409725168157492,1,1,0.972479714052087,0.10266095455776,0.365065747544248
0.2661,1.60902482071425e-05,2.7275291977405e-05,2.97891932351024e-05,1.21718872806256e-05,0.00011333088870269,0.000114227028714331,0.00111130778246427,0.000312203617931495,0.756476042129825,0.446260567648878,0.408600769566421,1,1,0.992154746370209,0.101979748986716,0.363003124222466
0.2674,1.51954904563324e-05,2.53696059877143e-05,2.83159870414336e-05,1.15401246741501e-05,0.000107083971467525,0.000105795818940435,0.00105709606065152,0.000296665258830986,0.759444040803633,0.454879933087595,0.407548027807187,1,0.987970631744071,1,0.100081556330113,0.356616812353847
0.2687,1.43560600037659e-05,2.36057288842302e-05,2.69242085432578e-05,1.09464843519098e-05,0.000101193486124695,9.80037548564683e-05,0.00100568500749099,0.000281929349428056,0.762499205843268,0.463721514620232,0.406566615851404,1,0.968478887422688,1,0.0974497522847348,0.347618135732538
0.27,1.35684762289669e-05,2.19729611537972e-05,2.56094717625556e-05,1.03886418088588e-05,9.56392776386705e-05,9.0802021724623e-05,0.000956937814350578,0.000267956049439078,0.765645429416783,0.472792070952324,0.405656231615379,1,0.949421868990658,1,0.0948881111843672,0.338869086608428
0.2713,1.28294824198741e-05,2.0461412971164e-05,2.43676241144347e-05,9.86441669382232e-06,9.04023187313641e-05,8.41455248602463e-05,0.000910723990418361,0.000254707418411493,0.76888656697026,0.482098509410083,0.404816515861262,1,0.930789453645429,1,0.0923941015560513,0.330361500206896
0.2726,1.21360311130999e-05,1.90619449998782e-05,2.31947352479756e-05,9.37176451512859e-06,8.54646486304622e-05,7.79926099661043e-05,0.000866919083617024,0.000242147329917897,0.772226474025146,0.491647862544377,0.404047057012497,1,0.912571586216121,1,0.0899652706232949,0.322087425009183
0.2739,1.14852703371657e-05,1.77661099004241e-05,2.20870804935863e-05,8.90876838122543e-06,8.08093138351396e-05,7.23048043217434e-05,0.00082540441608725,0.00023024139030714,0.775669019509024,0.501447330403644,0.403347485595136,1,0.894758300624277,1,0.0875992457909267,0.314039123136328
0.2752,1.08745312504646e-05,1.65661018575173e-05,2.10411345249209e-05,8.47362966329568e-06,7.64203132891383e-05,6.70465766204886e-05,0.000786066825841036,0.000218956859192709,0.779217923800959,0.511504138763372,0.402717336998136,1,0.877339724672628,1,0.085293736380178,0.306209071812997
0.2765,1.03013149371322e-05,1.54547071859356e-05,2.00535595391815e-05,8.06466119349399e-06,7.2282545193203e-05,6.21851138288276e-05,0.000748798419361707,0.000208262574528217,0.782876869866782,0.521825557512545,0.402156094918557,1,0.860306089978071,1,0.083046534582479,0.298589960148611
0.2778,9.76328235973742e-06,1.44252601538817e-05,1.91211903804303e-05,7.68027995282512e-06,6.83817576911938e-05,5.7690115957354e-05,0.000713496331687269,0.000198128879732029,0.786649373626399,0.532418817469882,0.401663275142407,1,0.843647749124519,1,0.0808555186554764,0.291174694145449
0.2791,9.25824307570993e-06,1.34715999906541e-05,1.82410330666002e-05,7.31899993396176e-06,6.47045013271175e-05,5.35336043288037e-05,0.000680062498061518,0.000188527553704909,0.790538752775243,0.543291067062508,0.401238236191954,1,0.827355179791301,1,0.0787186537728495,0.283956394048356
0.2804,8.7841469587074e-06,1.25880348611008e-05,1.74102478922276e-05,6.97942638279925e-06,6.12380851786609e-05,4.96897455461998e-05,0.000648403428768707,0.000179431744132486,0.794547998298321,0.554449241665741,0.400880356557994,1,0.811418995241783,1,0.0766339956600147,0.276928398519666
0.2817,8.33907299186585e-06,1.1769304503958e-05,1.66261465433138e-05,6.66025015036058e-06,5.7970533396956e-05,4.61346874115476e-05,0.00061842999987638,0.00017081590362944,0.798679920041132,0.565900062159216,0.400588923777952,1,0.795829962364467,1,0.0745996918337882,0.270084262830878
0.283,7.92122201964922e-06,1.10105478554321e-05,1.58861786626205e-05,6.36024256984711e-06,5.48905469504035e-05,4.28464082701252e-05,0.000590057244790443,0.000162655727640848,0.802937041036095,0.577649963776259,0.400363278351672,1,0.780579000403096,1,0.0726139855893846,0.263417765187662
0.2843,7.52890912561854e-06,1.03072726050906e-05,1.51879322020237e-05,6.07824836879353e-06,5.1987464432468e-05,3.98045762792787e-05,0.000563204159157782,0.000154928096044893,0.807321255626681,0.589704823154825,0.400202495503873,1,0.765657196668728,1,0.0706752172050765,0.256922903562596
0.2856,7.16055518218262e-06,9.65532817136605e-06,1.45291112621212e-05,5.81318319009339e-06,4.92512271215162e-05,3.69904207474514e-05,0.000537793510770768,0.000147611015381965,0.811834144447088,0.602069974931875,0.400105903603954,1,0.751055819506506,1,0.068781827981592,0.250593904877175
0.2869,6.81468096838817e-06,9.05087737630822e-06,1.39075500900298e-05,5.5640289666968e-06,4.66723448182549e-05,3.43866120338099e-05,0.000513751658910766,0.000140683566878241,0.816476808306526,0.614750231978761,0.400072545536659,1,0.736766326348367,1,0.0669323620418373,0.24442522177143
0.2882,6.48990063830182e-06,8.49037523104486e-06,1.33211895352378e-05,5.32982838541984e-06,4.4241863720984e-05,3.19771507070188e-05,0.000491008381432345,0.000134125851690592,0.821249612661938,0.627749450452018,0.400101535326191,1,0.72278037174668,1,0.0651254681513514,0.238411538893973
0.2895,6.18491366049937e-06,7.97054417303612e-06,1.27680737902257e-05,5.10968117530949e-06,4.1951336992585e-05,2.97472665630183e-05,0.000469496705563288,0.000127918944719418,0.826152385593195,0.641070554830528,0.40019201480658,1,0.709089833496276,1,0.0633599047885297,0.232547779597986
0.2908,5.89850320421852e-06,7.48835601500052e-06,1.22463542968256e-05,4.90274137871373e-06,3.97927957717092e-05,2.76833226604545e-05,0.000449152751960891,0.000122044843710367,0.831183981591697,0.654715316538458,0.400342931445694,1,0.695686797662405,1,0.0616345386721909,0.226829104932541
0.2921,5.62952683061053e-06,7.04101096159485e-06,1.17542653832902e-05,4.70821474451991e-06,3.77587212854191e-05,2.57727284381781e-05,0.000429915581523166,0.000116486425693174,0.836342891008001,0.668684478720576,0.400553721648407,1,0.68256359221917,1,0.0599483469449208,0.221250916446382
0.2934,5.37691461572971e-06,6.62592139671697e-06,1.1290146277983e-05,4.52535390578038e-06,3.58420208887988e-05,2.40038604090165e-05,0.000411727053416633,0.000111227403251313,0.84162651431024,0.68297730003598,0.400823319234165,1,0.669712806749634,1,0.0583004206544733,0.215808871800962
0.2947,5.13966133066943e-06,6.24069429154556e-06,1.0852406129056e-05,4.35345440752074e-06,3.40360027434317e-05,2.23659863503034e-05,0.000394531683666655,0.000106252283318953,0.847031375694498,0.697591358291414,0.401151077074502,1,0.657127293087307,1,0.0566899624953841,0.210498877310375
0.296,4.91682607986241e-06,5.88311896267949e-06,1.04395477439746e-05,4.19185343714282e-06,3.23343533971121e-05,2.09552560231918e-05,0.000378276517994269,0.000101546325878554,0.852552717760585,0.712522297056122,0.401535922814493,1,0.648080255876198,1,0.0553966609778016,0.206361538360861
0.2973,4.70752572436698e-06,5.55115017999836e-06,1.00501352625096e-05,4.03993004053385e-06,3.07311168041835e-05,2.00808215978787e-05,0.000362911009263001,9.70955083803293e-05,0.858185441159136,0.727764500966004,0.401977678410375,1,0.653436115772567,1,0.0553326327538502,0.206815144519568
0.2986,4.51093104919462e-06,5.24289670579724e-06,9.68281351801388e-06,3.89709845808541e-06,2.9220672905228e-05,1.92494393728149e-05,0.000348386897116693,9.2886488806232e-05,0.863923304432062,0.743310173129342,0.402475835234796,1,0.658760988675619,1,0.0552530520869941,0.207236161256678
0.2999,4.32626533806349e-06,4.95661066943676e-06,9.33628931613221e-06,3.7628005636697e-06,2.77977184863776e-05,1.84590334697532e-05,0.00033465810180211,8.89065687695867e-05,0.869757231615848,0.759147896539811,0.40302955877427,1,0.664048507390963,1,0.0551578861242343,0.207622830632372
0.3012,4.15279599556852e-06,4.69067507865381e-06,9.00934392262246e-06,3.63652421413186e-06,2.64572504568017e-05,1.77076237490859e-05,0.000321680619534748,8.51436668413141e-05,0.875680919075345,0.775266705357796,0.4036391823161,1,0.669291912173494,1,0.0550472197383128,0.207973468914468
0.3025,3.98984168190107e-06,4.44359436571346e-06,8.70080805585571e-06,3.51777340158401e-06,2.51945474171178e-05,1.69933259250854e-05,0.000309412429409406,8.15862801649691e-05,0.881682453101214,0.791650432525292,0.404304218527902,1,0.67448427009805,1,0.0549212775890147,0.208286563509508
0.3038,3.83675658256842e-06,4.21398526103204e-06,8.40957495444115e-06,3.40608996288043e-06,2.4005153638873e-05,1.63143435660817e-05,0.000297813397338142,7.82234594847164e-05,0.887752425669992,0.808282362631294,0.405025222003836,1,0.679618377433042,1,0.054780421941724,0.208560752407905
0.3051,3.69293611785882e-06,4.00056827182892e-06,8.13459276624104e-06,3.30103631145078e-06,2.28848632111145e-05,1.56689655479436e-05,0.000286845199338748,7.50447798270049e-05,0.8938785308219,0.825141851645405,0.405802282463388,1,0.684686878107869,1,0.0546251622270989,0.20879487665983
0.3064,3.55781579475188e-06,3.8021594891117e-06,7.87485656753528e-06,3.20220011287668e-06,2.18297063331319e-05,1.50555618197989e-05,0.000276471239606946,7.20403127335567e-05,0.900046629058264,0.842205626051949,0.406635992086256,1,0.689682288439606,1,0.0544561591332363,0.208988013079321
0.3077,3.43086179017126e-06,3.61766355422414e-06,7.62941856610151e-06,3.10919935656169e-06,2.08359378017775e-05,1.44725812928348e-05,0.000266656585087732,6.92006033650161e-05,0.906244420999101,0.859449561839784,0.407527694230366,1,0.694597067361189,1,0.054274231735448,0.209139524643962
0.309,3.31157089276909e-06,3.44606754019599e-06,7.39737701219791e-06,3.02166176473675e-06,1.99000197124155e-05,1.39185442247225e-05,0.00025736789539077,6.65166440734222e-05,0.912455708357212,0.876843454021477,0.408477458936347,1,0.699423640070004,1,0.0540803436403345,0.20924904463549
0.3103,3.19947356172301e-06,3.28643171618634e-06,7.17787194609117e-06,2.93925075596146e-06,1.90186113780966e-05,1.33920425056111e-05,0.000248573369619698,6.39798538196734e-05,0.918666992946986,0.894359295975952,0.409487767131605,1,0.704154590436318,1,0.0538756123638671,0.209316553666353
0.3116,3.09412954868615e-06,3.13789002129915e-06,6.97010278887965e-06,2.86163211914961e-06,1.81885594554565e-05,1.28917367804293e-05,0.000240242683438363,6.15820565431635e-05,0.924858534240989,0.911960616760185,0.410558094453808,1,0.708782727516216,1,0.0536613086231067,0.209342420570079
0.3129,2.99511980395911e-06,2.99963587250395e-06,6.77328552733264e-06,2.78850476587824e-06,1.74068851940268e-05,1.24163485155648e-05,0.000232346954911811,5.93154597836598e-05,0.931016102324936,0.929614421349925,0.411691601457759,1,0.713300994242528,1,0.0534388260878115,0.209327358514134
0.3142,2.9020544934345e-06,2.87092669860081e-06,6.58668695907178e-06,2.71957671612015e-06,1.66707752645712e-05,1.19646629417325e-05,0.00022485868127764,5.71726399839489e-05,0.937121174765262,0.947281836713412,0.412889929796118,1,0.71770285135808,1,0.0532096998601506,0.209272528697145
0.3155,2.81456470573226e-06,2.75107438951438e-06,6.40962671974125e-06,2.65457130679181e-06,1.59775719815736e-05,1.15355217195079e-05,0.000217751716217296,5.51465168121546e-05,0.943155188930422,0.964921674568165,0.414153806900469,1,0.721982146774957,1,0.0529755719950171,0.209179516428958
0.3168,2.73230171529593e-06,2.63943966571398e-06,6.24145137008738e-06,2.59323001276913e-06,1.5324762859259e-05,1.11278224375066e-05,0.000211001231210095,5.32303470631712e-05,0.949100898429973,0.982492627679613,0.415485094572294,1,0.726133418161403,1,0.0527381872308916,0.209050345365975
0.3181,2.65494772815327e-06,2.53543127284417e-06,6.08153872831737e-06,2.53531775532433e-06,1.47099754163049e-05,1.07405167596442e-05,0.000204583677356207,5.14177077152178e-05,0.95494074268944,0.999955227530298,0.416887545830987,1,0.730151917707428,1,0.0524993826410868,0.208887506598536
0.3194,2.5821863643203e-06,2.43850348628768e-06,5.92930834603595e-06,2.48059480640042e-06,1.41309633231446e-05,1.03726042423036e-05,0.00019847675683482,4.97024713534966e-05,0.944356116189762,1,0.41126272137929,0.983031763186741,0.734033767203591,1,0.0522610526679255,0.208693933316333
0.3207,2.51373246984873e-06,2.34814481559514e-06,5.7842141487452e-06,2.42884878100577e-06,1.35856099613418e-05,1.00231342171631e-05,0.000192659400507167,4.80788086082429e-05,0.934126779106471,1,0.405957448187588,0.966772750102127,0.737775797014938,1,0.0520251500356464,0.208473015603066
0.322,2.44931563562963e-06,2.26389106805165e-06,5.64575047163889e-06,2.379870055864e-06,1.30719084036057e-05,9.69120139571178e-06,0.000187111736950962,4.65411641115132e-05,0.92429535626987,1,0.400990280995269,0.95126667209137,0.741376170677464,1,0.0517936584504671,0.208228598934301
0.3233,2.38867903886745e-06,2.18530202851181e-06,5.51343248536473e-06,2.33347296315425e-06,1.25879605478163e-05,9.37594298711098e-06,0.000181815066045199,4.50842524626349e-05,0.914857958291429,1,0.396359624301675,0.93650197067544,0.744834157328009,1,0.0515685701468773,0.207964920675608
0.3246,2.33157637723283e-06,2.11197738671198e-06,5.38683126982921e-06,2.28946946700501e-06,1.21319746905213e-05,9.07653850901191e-06,0.000176751847648982,4.37030434722319e-05,0.905815227557985,1,0.392063029436402,0.92247458074852,0.748150135534276,1,0.0513518734301288,0.207686645777404
0.3259,2.27778006548292e-06,2.0435408655031e-06,5.2655023044287e-06,2.24768660811484e-06,1.17022511524345e-05,8.79220669702807e-06,0.000171905653567062,4.2392764056487e-05,0.897163381342459,1,0.38809989006829,0.909175175100163,0.75132609807293,1,0.0511455354410329,0.20739875997028
0.3272,2.22708265406052e-06,1.97964652042802e-06,5.14908373629649e-06,2.20796896899977e-06,1.12971890318114e-05,8.52220522762348e-06,0.00016726116527277,4.11488723334186e-05,0.888896744276031,1,0.38446578494602,0.896591640653725,0.754365108313763,1,0.0509514878347611,0.207106653095382
0.3285,2.17927675534438e-06,1.91997207979096e-06,5.03720053510848e-06,2.1701704294879e-06,1.09152668819057e-05,8.26582471136206e-06,0.000162804131356054,3.99670634875227e-05,0.881013425707632,1,0.381158555512941,0.884710276069894,0.75727188357294,1,0.0507715906378607,0.206815912656244
0.3298,2.13416659212315e-06,1.86421791458249e-06,4.92953434542193e-06,2.13413092716542e-06,1.05550465114845e-05,8.02239124653159e-06,0.000158521346345974,3.88432551265971e-05,0.873510962763174,1,0.378173227723588,0.873525560617115,0.760052666542278,1,0.0506076401156891,0.206532413938667
0.3311,2.09158657147933e-06,1.81210965153946e-06,4.82579151702929e-06,2.09974318490111e-06,1.02151711034448e-05,7.79126474392822e-06,0.000154400612870087,3.77735885802588e-05,0.866380419653293,1,0.375505167420696,0.863014898474264,0.76271505049003,1,0.0504613589227383,0.206262233395534
0.3324,2.05135548034666e-06,1.76338970117489e-06,4.72567297904641e-06,2.06686211923371e-06,9.89435206011358e-06,7.5718331298269e-06,0.000150430703055093,3.67544134454167e-05,0.859621707729026,1,0.37315102187429,0.853172393438934,0.765268214009759,1,0.050334359781951,0.206011534943189
0.3337,2.01331738535875e-06,1.71781800554394e-06,4.62896698057898e-06,2.03538571371787e-06,9.59137452383185e-06,7.36351663177537e-06,0.000146601351448061,3.57822975347588e-05,0.853227622249851,1,0.371101805813503,0.843976644803183,0.767722771483807,1,0.0502281633766804,0.205786579931668
0.335,1.97731650856135e-06,1.67517627766858e-06,4.53541543478656e-06,2.00519395987483e-06,9.30508397212204e-06,7.16576113057865e-06,0.000142903184415788,3.48539927942371e-05,0.847196829852697,1,0.369354539127774,0.835418573559413,0.770090968770106,1,0.0501441669048417,0.205593694039079
0.3363,1.94321439753454e-06,1.63525836003991e-06,4.44482514674455e-06,1.97620170794711e-06,9.03439622845781e-06,6.97804066451813e-06,0.000139327681188406,3.39664658375316e-05,0.841522357036181,1,0.3679016172858,0.827475431006802,0.772385944567908,1,0.050083663239052,0.205439114504744
0.3376,1.91087907297119e-06,1.59786969850793e-06,4.35701212655196e-06,1.94832088378687e-06,8.77827775902507e-06,6.79985453444498e-06,0.000135867150764635,3.31168711584784e-05,0.836196136694007,1,0.366735196528463,0.820126557080383,0.774622849847051,1,0.0500478187418863,0.205329014987701
0.3389,1.88019326984823e-06,1.56284082172478e-06,4.27179694183674e-06,1.92145259050721e-06,8.53576336956596e-06,6.63072406226206e-06,0.000132514674335504,3.23025352239048e-05,0.831212858160549,1,0.365850915435321,0.813364237788572,0.776816762037211,1,0.0500376588141039,0.205269463102547
0.3402,1.85101487531072e-06,1.53000368953875e-06,4.18905719871341e-06,1.8955323478158e-06,8.30592908074301e-06,6.47019608457367e-06,0.000129264053948419,3.15209893173574e-05,0.826575577509563,1,0.365238194887542,0.807163059655381,0.778985231113347,1,0.0500541015614093,0.205266275732367
0.3415,1.82327004686532e-06,1.49920054326916e-06,4.10867568897068e-06,1.87046921132206e-06,8.08791170048284e-06,6.31783901838823e-06,0.000126109739898128,3.07699185490007e-05,0.822259185273557,1,0.364886561208424,0.80151040936382,0.781145894311761,1,0.0500979466256278,0.205325178496237
0.3428,1.79681897104127e-06,1.47030169669817e-06,4.03051155292477e-06,1.84621961271253e-06,7.88301989174123e-06,6.1732395885139e-06,0.000123046857820386,3.0047198067984e-05,0.818280372366129,1,0.364792825275798,0.796385048980146,0.78310592555797,1,0.0501698271525561,0.205451422610072
0.3441,1.77157707260162e-06,1.44316373590191e-06,3.95450105882143e-06,1.82271990857237e-06,7.68894961999944e-06,6.03600657755887e-06,0.00012007104928935,2.93508581528101e-05,0.814620915014764,1,0.364942053228839,0.791763851985495,0.78502355664535,1,0.0502702909092863,0.205650088530068
0.3454,1.74745340317017e-06,1.41766975618326e-06,3.88051839012962e-06,1.7999174502261e-06,7.50425012407963e-06,5.90576796843934e-06,0.000117178509102422,2.86790894121758e-05,0.811277573188142,1,0.365329992969291,0.787630430498451,0.786989755244021,1,0.05039975345033,0.205925923363941
0.3467,1.72437266057664e-06,1.39370241878424e-06,3.8085101416244e-06,1.77775798837154e-06,7.32824063065518e-06,5.78216932378694e-06,0.000114365892986301,2.80302365019969e-05,0.808237366926348,1,0.365944258242096,0.783966337319567,0.78902558133793,1,0.0505585115702243,0.206283287098738
0.348,1.70223925936404e-06,1.37116018828398e-06,3.73839727885034e-06,1.75620413665714e-06,7.16030130210043e-06,5.66487047848341e-06,0.000111630272115915,2.74027809050725e-05,0.805503797859911,1,0.366777548240044,0.780752168648188,0.791149735112634,1,0.0507467228298174,0.20672611652472
0.3493,1.68099288795637e-06,1.34994720125261e-06,3.67014541714847e-06,1.73522746203798e-06,6.99982900587148e-06,5.55355183495809e-06,0.000108969080141241,2.67953572296031e-05,0.803065385299623,1,0.367818450719986,0.777965558283135,0.793383928421645,1,0.0509644738467077,0.207257988291442
0.3506,1.66055943424146e-06,1.3299658277769e-06,3.60371925753208e-06,1.71478590161165e-06,6.84628386105057e-06,5.44790602696743e-06,0.000106380087939173,2.62067268028687e-05,0.800914318603975,1,0.369053672812375,0.775587101880723,0.795746442527938,1,0.0512117082482813,0.207881971218591
0.3519,1.64086831590061e-06,1.31113281521711e-06,3.5390302718565e-06,1.69485636631085e-06,6.69914333994992e-06,5.34764145732058e-06,0.000103861324308285,2.56357673301677e-05,0.799048164018863,1,0.370477988177625,0.773595238675604,0.798257506363577,1,0.0514882849119803,0.208600795460785
0.3532,1.62187017191401e-06,1.2933692438558e-06,3.47607536388961e-06,1.67539666673967e-06,6.55793441828312e-06,5.25248308458348e-06,0.00010141107950945,2.50814890095929e-05,0.797455472240088,1,0.372077446102481,0.771977925903779,0.800935591844268,1,0.0517939766541388,0.209416716949084
0.3545,1.60350978680664e-06,1.27660634421675e-06,3.41479369222382e-06,1.65642991833821e-06,6.42221515068098e-06,5.16216245494139e-06,9.90278056618443e-05,2.45429884538906e-05,0.796132555423366,1,0.373845818892029,0.770697468141292,0.803797807115512,1,0.0521284140392741,0.210331454323081
0.3558,1.58575065425238e-06,1.26076968992197e-06,3.35517368058234e-06,1.63785523979133e-06,6.29157794118651e-06,5.07643315972306e-06,9.67101498270395e-05,2.4019469404557e-05,0.795061749803518,1,0.375768830453851,0.769768694626882,0.806861681946471,1,0.0524912138881179,0.211346598637185
0.3571,1.56852137161971e-06,1.2457987148935e-06,3.29722225267977e-06,1.61975912797012e-06,6.16564031985512e-06,4.99505166451364e-06,9.44568625346198e-05,2.35102479532179e-05,0.794250392397933,1,0.377832799678879,0.769125910995625,0.810143213905643,1,0.0528818291279036,0.212462738566309
0.3584,1.55179289897426e-06,1.23163447470137e-06,3.24084171092062e-06,1.60205565072715e-06,6.04406923399026e-06,4.91779134270676e-06,9.22667997890203e-05,2.30147037495465e-05,0.79368482451201,1,0.380035368759648,0.768783827292357,0.813655693262147,1,0.053299684761495,0.213680410411699
0.3597,1.5355409125054e-06,1.2182238610109e-06,3.18606956751814e-06,1.58475582253e-06,5.9265370484507e-06,4.84443883252972e-06,9.01388734754205e-05,2.25322855730292e-05,0.793351613812258,1,0.382359466795908,0.768713920271994,0.817414755518341,1,0.05374416881137,0.214999886133541
0.361,1.5197237825778e-06,1.20551055298606e-06,3.13283272542357e-06,1.56786755433476e-06,5.81275102073953e-06,4.77478458060787e-06,8.80720687170822e-05,2.20625248174011e-05,0.793243197748237,1,0.384798889261816,0.768885451869401,0.821432840245822,1,0.0542145160226238,0.21642058740448
0.3623,1.50430460838282e-06,1.19344994505567e-06,3.08116138433519e-06,1.55135621105568e-06,5.70246478304171e-06,4.70863366286434e-06,8.60653904176667e-05,2.16050127036516e-05,0.793356570474556,1,0.38733769387194,0.769294593047418,0.82571902537077,1,0.0547099553027507,0.217941721555596
0.3636,1.48925729297707e-06,1.18199850599466e-06,3.03097941297953e-06,1.53521353891014e-06,5.59542891298559e-06,4.64579757830652e-06,8.41178216318683e-05,2.11593799328558e-05,0.793683208112292,1,0.389972462674278,0.769924493262204,0.830284442989668,1,0.0552296467999172,0.219562085139019
0.3649,1.47455716706751e-06,1.17111922152002e-06,2.98226719544216e-06,1.51948308890627e-06,5.49144864303574e-06,4.58610271780735e-06,8.22284008763497e-05,2.07253184731915e-05,0.794217577775607,1,0.392694264051812,0.770735278378776,0.835135319643469,1,0.0557727338599673,0.221280204873066
0.3662,1.46022524470076e-06,1.16076544798503e-06,2.93502595281707e-06,1.50408222038634e-06,5.39032163915376e-06,4.52937579575874e-06,8.03960958692951e-05,2.0302555644558e-05,0.794922189023587,1,0.395487285852078,0.771743347705338,0.840279318929439,1,0.0563382555680617,0.223093874242025
0.3675,1.44615868600125e-06,1.15090545063218e-06,2.88921795488526e-06,1.48907384648538e-06,5.29187746967086e-06,4.47545921467007e-06,7.86198706258512e-05,1.98908346303872e-05,0.795836212009719,1,0.39834497383147,0.772900184466094,0.845722381200265,1,0.0569252935554754,0.225001077020314
0.3688,1.43242951164889e-06,1.14151300142692e-06,2.84483177271485e-06,1.47443267751302e-06,5.19598007153732e-06,4.42419964163943e-06,7.68986754750012e-05,1.94899504560864e-05,0.796906927806108,1,0.401258525152637,0.774204898491777,0.851465860285806,1,0.0575328458430689,0.226999019397601
0.3701,1.41897675579348e-06,1.13254412597943e-06,2.8018038264727e-06,1.46014423395351e-06,5.10247769036631e-06,4.37545358200619e-06,7.52313803771276e-05,1.90996975784064e-05,0.798141422229372,1,0.404219637106154,0.775638529156079,0.857515475328237,1,0.0581599534671898,0.229084966609784
0.3714,1.40580548346729e-06,1.12398563452428e-06,2.76011924537726e-06,1.44621088772276e-06,5.01127495933229e-06,4.32908006819943e-06,7.36168712981433e-05,1.87199158758755e-05,0.799531405832952,1,0.407223577896776,0.77719345364225,0.863867998329959,1,0.0588055426950563,0.231255316364875
0.3727,1.39287981680725e-06,1.11579527155243e-06,2.7197666431928e-06,1.43262241306183e-06,4.92226162907006e-06,4.28494944260116e-06,7.20539694456512e-05,1.83504163852044e-05,0.80107074428722,1,0.410254046737837,0.778848118931582,0.87052452013013,1,0.0594686104813865,0.233506932630479
0.374,1.3802405753949e-06,1.10795241138097e-06,2.68069953653423e-06,1.41940225955085e-06,4.83536051332223e-06,4.24294013978699e-06,7.05414409541971e-05,1.79910429577435e-05,0.802724127323946,1,0.413307196976427,0.780576756113917,0.877481653766452,1,0.0601481920753781,0.235836251947851
0.3753,1.36785360132624e-06,1.10045271608192e-06,2.64282330090235e-06,1.40652062258153e-06,4.7504969411527e-06,4.20293463021526e-06,6.90780268690627e-05,1.76416490166309e-05,0.804510596027928,1,0.416392846130193,0.782393587704496,0.884735782862207,1,0.0608432930225687,0.238239329342349
0.3766,1.35571252001715e-06,1.09326227243992e-06,2.60620611285862e-06,1.3939737742351e-06,4.66759907746805e-06,4.1648145528983e-06,6.76624416449112e-05,1.7302092903293e-05,0.806411577895648,1,0.419484194686646,0.784277504101404,0.892281981330219,1,0.0615528268216364,0.240711605016619
0.3779,1.34380100312991e-06,1.08635352396981e-06,2.57074855708101e-06,1.3817588343864e-06,4.58661036029095e-06,4.12847850073117e-06,6.62933488272399e-05,1.69722172697062e-05,0.808418449933836,1,0.422582566847117,0.786210659150398,0.900115374193084,1,0.0622759081229998,0.243249213413035
0.3792,1.33214529376223e-06,1.07971700508011e-06,2.5364246226135e-06,1.36989832696746e-06,4.50751495106871e-06,4.09382954635884e-06,6.49694015245617e-05,1.66518521058645e-05,0.810509942223179,1,0.425684641070697,0.788173095641538,0.908223176362002,1,0.0630116554915651,0.2458483008576
0.3805,1.32072483864617e-06,1.07334265408954e-06,2.50319027496544e-06,1.35833486900958e-06,4.43024716212381e-06,4.06076605907746e-06,6.36892132428457e-05,1.63408690961875e-05,0.812692108667979,1,0.428789878589775,0.790190017629569,0.916600340900793,1,0.0637590865441191,0.248503677201899
0.3818,1.30955220230474e-06,1.06719448302831e-06,2.47104197612347e-06,1.34712869796605e-06,4.35477664695316e-06,4.02920409481311e-06,6.24513643053826e-05,1.60390818489953e-05,0.814930845177538,1,0.431880353850768,0.792199353068194,0.925237829965897,1,0.0645174711493987,0.251211642458543
0.3831,1.298590824267e-06,1.06127798678248e-06,2.43989690232129e-06,1.3361971012143e-06,4.28108106542702e-06,3.9990532739731e-06,6.12544702398576e-05,1.57463509588007e-05,0.817253569754368,1,0.434968373365607,0.794252573829126,0.934122295947276,1,0.0652859009034569,0.253966984759603
0.3844,1.28788446831854e-06,1.05556199076675e-06,2.40973580457793e-06,1.32555889359163e-06,4.20913120458e-06,3.97023329368196e-06,6.00970584170302e-05,1.54624698754935e-05,0.819609224843666,1,0.438040547333626,0.796314668378622,0.943242940339305,1,0.0660636876123188,0.256765790048483
0.3857,1.27740425915987e-06,1.05005786741431e-06,2.38050918994537e-06,1.31524666662845e-06,4.13892659401061e-06,3.94266684755618e-06,5.89777415229698e-05,1.51872729661218e-05,0.822024711350902,1,0.441106411959873,0.79837333487114,0.952581969745867,1,0.0668500818401235,0.259603343954578
0.387,1.26716472244745e-06,1.04473402488975e-06,2.35221891428701e-06,1.30523025195488e-06,4.07042161088e-06,3.91628739226935e-06,5.78950448660853e-05,1.49205796674545e-05,0.824465838089236,1,0.444148296973635,0.800421246232242,0.962133107244059,1,0.0676446041509761,0.262475552529084
0.3883,1.25713789157457e-06,1.0395952511568e-06,2.32478477308658e-06,1.2955164713752e-06,4.00361124175408e-06,3.89102168196764e-06,5.68475693809578e-05,1.46621852963325e-05,0.826954034338031,1,0.447179138125783,0.802456220454889,0.971877998889546,1,0.0684465795871128,0.265378018578235
0.3896,1.24735278554646e-06,1.03461898718326e-06,2.29821393370444e-06,1.28605204475406e-06,3.93849217494857e-06,3.86680502806325e-06,5.58338600253894e-05,1.44118769790369e-05,0.82945177913721,1,0.450183932840223,0.80449231537991,0.981798326948241,1,0.0692555561500654,0.268306830101852
0.3909,1.23780960155984e-06,1.02979535771406e-06,2.27237218049609e-06,1.27685750346691e-06,3.8750179127689e-06,3.84358371730009e-06,5.48525116894627e-05,1.41694696189632e-05,0.831949725075937,1,0.453180762620163,0.806507660344221,0.991887987055435,1,0.0700712437574386,0.271258121909954
0.3922,1.2284663858813e-06,1.02512300283574e-06,2.24735934845945e-06,1.26794605005548e-06,3.81319803333113e-06,3.82128518017222e-06,5.39021737248069e-05,1.39347586999294e-05,0.834473791564361,1,0.456145566368125,0.808491025931967,1,0.99788365786384,0.0707429361346187,0.273646506225504
0.3935,1.21936617363273e-06,1.02060337452923e-06,2.22303734745314e-06,1.25926062869984e-06,3.75299522359374e-06,3.79987426835093e-06,5.29814056534628e-05,1.37075051804825e-05,0.836994986902628,1,0.459103116597885,0.810478268968822,1,0.987663001076732,0.0708360825332019,0.273791267935282
0.3948,1.21048050747165e-06,1.01620354216333e-06,2.19938944737997e-06,1.25082912353642e-06,3.69443283576576e-06,3.77928078409973e-06,5.20889518127454e-05,1.34874760633341e-05,0.839504259581918,1,0.462038927836946,0.812423953873297,1,0.97754918113231,0.0709254593766232,0.273915802958059
0.3961,1.20181735395412e-06,1.01194773376435e-06,2.17639795759357e-06,1.24261580370799e-06,3.63864830921212e-06,3.75947621622519e-06,5.12234164473657e-05,1.32744680486629e-05,0.842014579365929,1,0.464964475009551,0.814368955186853,1,0.967860441172205,0.0710348618185394,0.274108785065675
0.3974,1.19337075518319e-06,1.00780945137852e-06,2.15407157129264e-06,1.23464676504147e-06,3.58454230842131e-06,3.74041060180463e-06,5.03835829416266e-05,1.30682359410494e-05,0.844506576854919,1,0.467862565389946,0.816273512322911,1,0.958328560691139,0.0711450456505702,0.274294275416446
0.3987,1.18511920601146e-06,1.00377293741842e-06,2.13226701006193e-06,1.22688256736217e-06,3.53197446556486e-06,3.72202695531065e-06,4.9568165316316e-05,1.28685827961439e-05,0.84698056729385,1,0.470753865572056,0.818149156342292,1,0.948938443480474,0.0712548960209803,0.274464913620731
0.4,1.17708195967905e-06,9.99857212054355e-07,2.1110503405622e-06,1.21931266802774e-06,3.48085987134095e-06,3.70428943630152e-06,4.87759998161197e-05,1.2675211812696e-05,0.849437206842401,1,0.473630208073617,0.820017078696999,1,0.939683556373593,0.0713641931372687,0.27461946378319
